scraped_at,scraped_date,area_name,building_type,title,address,walk,age,total_floors,floor,layout_type,area,rent_man_yen,management_fee_yen,source_url
2026-04-02 20:42:52,2026-04-02,東村山市,mansion,ラヴィアン　オランジュ,東京都東村山市本町２,7,22.0,5.0,1.0,1K,23.67,6.0,3900.0,https://suumo.jp/jj/chintai/ichiran/FR301FC001/?ar=030&bs=040&ta=13&sc=13213&cb=0.0&ct=9999999&et=9999999&cn=9999999&mb=0&mt=9999999&shkr1=03&shkr2=03&shkr3=03&shkr4=03&fw2=&srch_navi=1
2026-04-02 20:42:52,2026-04-02,東村山市,mansion,Ｎ ｓｔａｇｅ久米川,東京都東村山市栄町２,4,8.0,14.0,3.0,1K,21.96,6.85,14000.0,https://suumo.jp/jj/chintai/ichiran/FR301FC001/?ar=030&bs=040&ta=13&sc=13213&cb=0.0&ct=9999999&et=9999999&cn=9999999&mb=0&mt=9999999&shkr1=03&shkr2=03&shkr3=03&shkr4=03&fw2=&srch_navi=1
2026-04-02 20:42:52,2026-04-02,東村山市,mansion,Ｎ ｓｔａｇｅ久米川,東京都東村山市栄町２,4,8.0,14.0,5.0,1K,21.96,7.1,14000.0,https://suumo.jp/jj/chintai/ichiran/FR301FC001/?ar=030&bs=040&ta=13&sc=13213&cb=0.0&ct=9999999&et=9999999&cn=9999999&mb=0&mt=9999999&shkr1=03&shkr2=03&shkr3=03&shkr4=03&fw2=&srch_navi=1
2026-04-02 20:42:52,2026-04-02,東村山市,mansion,エスポワール,東京都東村山市栄町２,3,32.0,9.0,2.0,2LDK,59.23,11.5,,https://suumo.jp/jj/chintai/ichiran/FR301FC001/?ar=030&bs=040&ta=13&sc=13213&cb=0.0&ct=9999999&et=9999999&cn=9999999&mb=0&mt=9999999&shkr1=03&shkr2=03&shkr3=03&shkr4=03&fw2=&srch_navi=1
2026-04-02 20:42:52,2026-04-02,東村山市,mansion,エスポワール,東京都東村山市栄町２,3,32.0,9.0,6.0,2LDK,56.94,12.0,,https://suumo.jp/jj/chintai/ichiran/FR301FC001/?ar=030&bs=040&ta=13&sc=13213&cb=0.0&ct=9999999&et=9999999&cn=9999999&mb=0&mt=9999999&shkr1=03&shkr2=03&shkr3=03&shkr4=03&fw2=&srch_navi=1
2026-04-02 20:42:52,2026-04-02,東村山市,mansion,西武新宿線 久米川駅 12階建 築18年,東京都東村山市栄町１,3,18.0,12.0,5.0,ワンルーム,22.48,8.8,6000.0,https://suumo.jp/jj/chintai/ichiran/FR301FC001/?ar=030&bs=040&ta=13&sc=13213&cb=0.0&ct=9999999&et=9999999&cn=9999999&mb=0&mt=9999999&shkr1=03&shkr2=03&shkr3=03&shkr4=03&fw2=&srch_navi=1
2026-04-02 20:42:52,2026-04-02,東村山市,mansion,西武新宿線 久米川駅 12階建 築18年,東京都東村山市栄町１,3,18.0,12.0,8.0,ワンルーム,22.48,9.2,6000.0,https://suumo.jp/jj/chintai/ichiran/FR301FC001/?ar=030&bs=040&ta=13&sc=13213&cb=0.0&ct=9999999&et=9999999&cn=9999999&mb=0&mt=9999999&shkr1=03&shkr2=03&shkr3=03&shkr4=03&fw2=&srch_navi=1
2026-04-02 20:42:52,2026-04-02,東村山市,mansion,プライムアーバン久米川,東京都東村山市栄町１,2,18.0,12.0,5.0,ワンルーム,22.48,8.8,6000.0,https://suumo.jp/jj/chintai/ichiran/FR301FC001/?ar=030&bs=040&ta=13&sc=13213&cb=0.0&ct=9999999&et=9999999&cn=9999999&mb=0&mt=9999999&shkr1=03&shkr2=03&shkr3=03&shkr4=03&fw2=&srch_navi=1
2026-04-02 20:42:52,2026-04-02,東村山市,mansion,プライムアーバン久米川,東京都東村山市栄町１,2,18.0,12.0,8.0,ワンルーム,22.48,9.2,6000.0,https://suumo.jp/jj/chintai/ichiran/FR301FC001/?ar=030&bs=040&ta=13&sc=13213&cb=0.0&ct=9999999&et=9999999&cn=9999999&mb=0&mt=9999999&shkr1=03&shkr2=03&shkr3=03&shkr4=03&fw2=&srch_navi=1
2026-04-02 20:42:52,2026-04-02,東村山市,mansion,ＣＯＺＹ久米川,東京都東村山市恩多町２,13,36.0,4.0,3.0,1K,19.71,3.7,3000.0,https://suumo.jp/jj/chintai/ichiran/FR301FC001/?ar=030&bs=040&ta=13&sc=13213&cb=0.0&ct=9999999&et=9999999&cn=9999999&mb=0&mt=9999999&shkr1=03&shkr2=03&shkr3=03&shkr4=03&fw2=&srch_navi=1
2026-04-02 20:42:52,2026-04-02,東村山市,mansion,西武新宿線 東村山駅 3階建 築4年,東京都東村山市久米川町４,6,4.0,3.0,2.0,1K,26.25,6.3,5000.0,https://suumo.jp/jj/chintai/ichiran/FR301FC001/?ar=030&bs=040&ta=13&sc=13213&cb=0.0&ct=9999999&et=9999999&cn=9999999&mb=0&mt=9999999&shkr1=03&shkr2=03&shkr3=03&shkr4=03&fw2=&srch_navi=1&page=2
2026-04-02 20:42:52,2026-04-02,東村山市,mansion,コンカドール,東京都東村山市久米川町４,6,4.0,3.0,2.0,1K,26.25,6.3,5000.0,https://suumo.jp/jj/chintai/ichiran/FR301FC001/?ar=030&bs=040&ta=13&sc=13213&cb=0.0&ct=9999999&et=9999999&cn=9999999&mb=0&mt=9999999&shkr1=03&shkr2=03&shkr3=03&shkr4=03&fw2=&srch_navi=1&page=2
2026-04-02 20:42:52,2026-04-02,東村山市,mansion,パティオ東村山,東京都東村山市野口町４,8,23.0,2.0,2.0,1K,25.55,6.0,6000.0,https://suumo.jp/jj/chintai/ichiran/FR301FC001/?ar=030&bs=040&ta=13&sc=13213&cb=0.0&ct=9999999&et=9999999&cn=9999999&mb=0&mt=9999999&shkr1=03&shkr2=03&shkr3=03&shkr4=03&fw2=&srch_navi=1&page=2
2026-04-02 20:42:52,2026-04-02,東村山市,mansion,西武新宿線 東村山駅 5階建 築22年,東京都東村山市本町２,8,22.0,5.0,1.0,1K,23.67,6.0,3900.0,https://suumo.jp/jj/chintai/ichiran/FR301FC001/?ar=030&bs=040&ta=13&sc=13213&cb=0.0&ct=9999999&et=9999999&cn=9999999&mb=0&mt=9999999&shkr1=03&shkr2=03&shkr3=03&shkr4=03&fw2=&srch_navi=1&page=2
2026-04-02 20:42:52,2026-04-02,東村山市,mansion,フォレスト小平,東京都東村山市萩山町１,7,22.0,2.0,2.0,1K,26.18,6.3,4000.0,https://suumo.jp/jj/chintai/ichiran/FR301FC001/?ar=030&bs=040&ta=13&sc=13213&cb=0.0&ct=9999999&et=9999999&cn=9999999&mb=0&mt=9999999&shkr1=03&shkr2=03&shkr3=03&shkr4=03&fw2=&srch_navi=1&page=2
2026-04-02 20:42:52,2026-04-02,東村山市,mansion,グランツ久米川,東京都東村山市久米川町４,7,25.0,2.0,1.0,1DK,30.84,6.6,4000.0,https://suumo.jp/jj/chintai/ichiran/FR301FC001/?ar=030&bs=040&ta=13&sc=13213&cb=0.0&ct=9999999&et=9999999&cn=9999999&mb=0&mt=9999999&shkr1=03&shkr2=03&shkr3=03&shkr4=03&fw2=&srch_navi=1&page=2
2026-04-02 20:42:52,2026-04-02,東村山市,mansion,サンシティマノ,東京都東村山市廻田町１,14,31.0,2.0,1.0,1LDK,44.71,6.2,2000.0,https://suumo.jp/jj/chintai/ichiran/FR301FC001/?ar=030&bs=040&ta=13&sc=13213&cb=0.0&ct=9999999&et=9999999&cn=9999999&mb=0&mt=9999999&shkr1=03&shkr2=03&shkr3=03&shkr4=03&fw2=&srch_navi=1&page=3
2026-04-02 20:42:52,2026-04-02,東村山市,mansion,サンシティマノ,東京都東村山市廻田町１,14,31.0,2.0,2.0,2DK,44.71,6.3,2000.0,https://suumo.jp/jj/chintai/ichiran/FR301FC001/?ar=030&bs=040&ta=13&sc=13213&cb=0.0&ct=9999999&et=9999999&cn=9999999&mb=0&mt=9999999&shkr1=03&shkr2=03&shkr3=03&shkr4=03&fw2=&srch_navi=1&page=3
2026-04-02 20:42:52,2026-04-02,東村山市,mansion,ビュー久米川パル,東京都東村山市久米川町４,7,23.0,3.0,3.0,1K,25.92,5.9,3000.0,https://suumo.jp/jj/chintai/ichiran/FR301FC001/?ar=030&bs=040&ta=13&sc=13213&cb=0.0&ct=9999999&et=9999999&cn=9999999&mb=0&mt=9999999&shkr1=03&shkr2=03&shkr3=03&shkr4=03&fw2=&srch_navi=1&page=3
2026-04-02 20:42:52,2026-04-02,東村山市,mansion,ＫＴＤ富士見町,東京都東村山市富士見町１,7,38.0,5.0,5.0,1K,27.4,5.5,3000.0,https://suumo.jp/jj/chintai/ichiran/FR301FC001/?ar=030&bs=040&ta=13&sc=13213&cb=0.0&ct=9999999&et=9999999&cn=9999999&mb=0&mt=9999999&shkr1=03&shkr2=03&shkr3=03&shkr4=03&fw2=&srch_navi=1&page=3
2026-04-02 20:42:52,2026-04-02,東村山市,mansion,ＫＴＤ富士見町,東京都東村山市富士見町１,7,38.0,5.0,3.0,1DK,34.5,6.4,3000.0,https://suumo.jp/jj/chintai/ichiran/FR301FC001/?ar=030&bs=040&ta=13&sc=13213&cb=0.0&ct=9999999&et=9999999&cn=9999999&mb=0&mt=9999999&shkr1=03&shkr2=03&shkr3=03&shkr4=03&fw2=&srch_navi=1&page=3
2026-04-02 20:42:52,2026-04-02,東村山市,mansion,西武多摩湖線 八坂駅 5階建 築38年,東京都東村山市富士見町１,7,38.0,5.0,3.0,1LDK,34.51,6.4,3000.0,https://suumo.jp/jj/chintai/ichiran/FR301FC001/?ar=030&bs=040&ta=13&sc=13213&cb=0.0&ct=9999999&et=9999999&cn=9999999&mb=0&mt=9999999&shkr1=03&shkr2=03&shkr3=03&shkr4=03&fw2=&srch_navi=1&page=3
2026-04-02 20:42:52,2026-04-02,東村山市,mansion,西武新宿線 久米川駅 14階建 築8年,東京都東村山市栄町２,4,8.0,14.0,3.0,1K,21.96,6.85,14000.0,https://suumo.jp/jj/chintai/ichiran/FR301FC001/?ar=030&bs=040&ta=13&sc=13213&cb=0.0&ct=9999999&et=9999999&cn=9999999&mb=0&mt=9999999&shkr1=03&shkr2=03&shkr3=03&shkr4=03&fw2=&srch_navi=1&page=3
2026-04-02 20:42:52,2026-04-02,東村山市,mansion,西武新宿線 久米川駅 14階建 築8年,東京都東村山市栄町２,4,8.0,14.0,14.0,1K,21.96,7.4,14000.0,https://suumo.jp/jj/chintai/ichiran/FR301FC001/?ar=030&bs=040&ta=13&sc=13213&cb=0.0&ct=9999999&et=9999999&cn=9999999&mb=0&mt=9999999&shkr1=03&shkr2=03&shkr3=03&shkr4=03&fw2=&srch_navi=1&page=3
2026-04-02 20:42:52,2026-04-02,東村山市,mansion,西武新宿線 久米川駅 3階建 築8年,東京都東村山市栄町１,5,8.0,3.0,3.0,1K,22.35,7.2,4000.0,https://suumo.jp/jj/chintai/ichiran/FR301FC001/?ar=030&bs=040&ta=13&sc=13213&cb=0.0&ct=9999999&et=9999999&cn=9999999&mb=0&mt=9999999&shkr1=03&shkr2=03&shkr3=03&shkr4=03&fw2=&srch_navi=1&page=3
2026-04-02 20:42:52,2026-04-02,東村山市,mansion,アムハイツ久米川I,東京都東村山市栄町２,3,21.0,2.0,1.0,1K,26.73,6.4,3500.0,https://suumo.jp/jj/chintai/ichiran/FR301FC001/?ar=030&bs=040&ta=13&sc=13213&cb=0.0&ct=9999999&et=9999999&cn=9999999&mb=0&mt=9999999&shkr1=03&shkr2=03&shkr3=03&shkr4=03&fw2=&srch_navi=1&page=3
2026-04-02 20:42:52,2026-04-02,東村山市,mansion,アムハイツ久米川I,東京都東村山市栄町２,3,21.0,2.0,1.0,1K,21.03,6.4,5040.0,https://suumo.jp/jj/chintai/ichiran/FR301FC001/?ar=030&bs=040&ta=13&sc=13213&cb=0.0&ct=9999999&et=9999999&cn=9999999&mb=0&mt=9999999&shkr1=03&shkr2=03&shkr3=03&shkr4=03&fw2=&srch_navi=1&page=3
2026-04-02 20:42:52,2026-04-02,東村山市,mansion,シティコーポパルナスＰａｒｔ５,東京都東村山市野口町１,4,38.0,4.0,2.0,2DK,33.0,5.8,,https://suumo.jp/jj/chintai/ichiran/FR301FC001/?ar=030&bs=040&ta=13&sc=13213&cb=0.0&ct=9999999&et=9999999&cn=9999999&mb=0&mt=9999999&shkr1=03&shkr2=03&shkr3=03&shkr4=03&fw2=&srch_navi=1&page=4
2026-04-02 20:42:52,2026-04-02,東村山市,mansion,シティコーポパルナスＰａｒｔ５,東京都東村山市野口町１,4,38.0,4.0,2.0,2K,33.0,5.8,3000.0,https://suumo.jp/jj/chintai/ichiran/FR301FC001/?ar=030&bs=040&ta=13&sc=13213&cb=0.0&ct=9999999&et=9999999&cn=9999999&mb=0&mt=9999999&shkr1=03&shkr2=03&shkr3=03&shkr4=03&fw2=&srch_navi=1&page=4
2026-04-02 20:42:52,2026-04-02,東村山市,mansion,久米川プラネット,東京都東村山市栄町３,2,33.0,7.0,4.0,1DK,32.76,6.4,5000.0,https://suumo.jp/jj/chintai/ichiran/FR301FC001/?ar=030&bs=040&ta=13&sc=13213&cb=0.0&ct=9999999&et=9999999&cn=9999999&mb=0&mt=9999999&shkr1=03&shkr2=03&shkr3=03&shkr4=03&fw2=&srch_navi=1&page=4
2026-04-02 20:42:52,2026-04-02,東村山市,mansion,久米川プラネット,東京都東村山市栄町３,2,33.0,7.0,4.0,1DK,31.45,6.4,5000.0,https://suumo.jp/jj/chintai/ichiran/FR301FC001/?ar=030&bs=040&ta=13&sc=13213&cb=0.0&ct=9999999&et=9999999&cn=9999999&mb=0&mt=9999999&shkr1=03&shkr2=03&shkr3=03&shkr4=03&fw2=&srch_navi=1&page=4
2026-04-02 20:42:52,2026-04-02,東村山市,mansion,メゾン・ド・ボヌール,東京都東村山市本町１,5,39.0,4.0,3.0,2K,30.88,5.7,3000.0,https://suumo.jp/jj/chintai/ichiran/FR301FC001/?ar=030&bs=040&ta=13&sc=13213&cb=0.0&ct=9999999&et=9999999&cn=9999999&mb=0&mt=9999999&shkr1=03&shkr2=03&shkr3=03&shkr4=03&fw2=&srch_navi=1&page=4
2026-04-02 20:42:52,2026-04-02,東村山市,mansion,アリエスビル,東京都東村山市恩多町２,10,19.0,3.0,2.0,ワンルーム,16.98,5.0,3000.0,https://suumo.jp/jj/chintai/ichiran/FR301FC001/?ar=030&bs=040&ta=13&sc=13213&cb=0.0&ct=9999999&et=9999999&cn=9999999&mb=0&mt=9999999&shkr1=03&shkr2=03&shkr3=03&shkr4=03&fw2=&srch_navi=1&page=4
2026-04-02 20:42:52,2026-04-02,東村山市,mansion,武藤ハイツ,東京都東村山市秋津町５,3,51.0,2.0,2.0,2DK,34.0,6.5,,https://suumo.jp/jj/chintai/ichiran/FR301FC001/?ar=030&bs=040&ta=13&sc=13213&cb=0.0&ct=9999999&et=9999999&cn=9999999&mb=0&mt=9999999&shkr1=03&shkr2=03&shkr3=03&shkr4=03&fw2=&srch_navi=1&page=4
2026-04-02 20:42:52,2026-04-02,東村山市,mansion,シャトーミノル,東京都東村山市栄町２,1,48.0,5.0,5.0,2DK,38.59,6.0,3000.0,https://suumo.jp/jj/chintai/ichiran/FR301FC001/?ar=030&bs=040&ta=13&sc=13213&cb=0.0&ct=9999999&et=9999999&cn=9999999&mb=0&mt=9999999&shkr1=03&shkr2=03&shkr3=03&shkr4=03&fw2=&srch_navi=1&page=4
2026-04-02 20:42:52,2026-04-02,東村山市,mansion,シャトーミノル,東京都東村山市栄町２,1,48.0,5.0,4.0,2DK,45.24,6.5,3000.0,https://suumo.jp/jj/chintai/ichiran/FR301FC001/?ar=030&bs=040&ta=13&sc=13213&cb=0.0&ct=9999999&et=9999999&cn=9999999&mb=0&mt=9999999&shkr1=03&shkr2=03&shkr3=03&shkr4=03&fw2=&srch_navi=1&page=4
2026-04-02 20:42:52,2026-04-02,東村山市,mansion,グランドコスモ,東京都東村山市秋津町５,1,12.0,6.0,4.0,ワンルーム,24.69,7.7,5000.0,https://suumo.jp/jj/chintai/ichiran/FR301FC001/?ar=030&bs=040&ta=13&sc=13213&cb=0.0&ct=9999999&et=9999999&cn=9999999&mb=0&mt=9999999&shkr1=03&shkr2=03&shkr3=03&shkr4=03&fw2=&srch_navi=1&page=4
2026-04-02 20:42:52,2026-04-02,東村山市,mansion,フラットサカエ,東京都東村山市栄町２,7,37.0,4.0,3.0,1K,27.8,5.7,2000.0,https://suumo.jp/jj/chintai/ichiran/FR301FC001/?ar=030&bs=040&ta=13&sc=13213&cb=0.0&ct=9999999&et=9999999&cn=9999999&mb=0&mt=9999999&shkr1=03&shkr2=03&shkr3=03&shkr4=03&fw2=&srch_navi=1&page=4
2026-04-02 20:42:52,2026-04-02,東村山市,mansion,テルプシコレ東村山,東京都東村山市久米川町４,7,31.0,6.0,1.0,2LDK,55.17,11.9,10000.0,https://suumo.jp/jj/chintai/ichiran/FR301FC001/?ar=030&bs=040&ta=13&sc=13213&cb=0.0&ct=9999999&et=9999999&cn=9999999&mb=0&mt=9999999&shkr1=03&shkr2=03&shkr3=03&shkr4=03&fw2=&srch_navi=1&page=4
2026-04-02 20:42:52,2026-04-02,東村山市,mansion,テルプシコレ東村山,東京都東村山市久米川町４,7,31.0,6.0,3.0,2LDK,55.17,12.9,10000.0,https://suumo.jp/jj/chintai/ichiran/FR301FC001/?ar=030&bs=040&ta=13&sc=13213&cb=0.0&ct=9999999&et=9999999&cn=9999999&mb=0&mt=9999999&shkr1=03&shkr2=03&shkr3=03&shkr4=03&fw2=&srch_navi=1&page=4
2026-04-02 20:42:52,2026-04-02,東村山市,mansion,ハイツ宮本,東京都東村山市本町２,2,47.0,5.0,4.0,2DK,39.13,7.2,3000.0,https://suumo.jp/jj/chintai/ichiran/FR301FC001/?ar=030&bs=040&ta=13&sc=13213&cb=0.0&ct=9999999&et=9999999&cn=9999999&mb=0&mt=9999999&shkr1=03&shkr2=03&shkr3=03&shkr4=03&fw2=&srch_navi=1&page=4
2026-04-02 20:42:52,2026-04-02,東村山市,mansion,Ｂｌｏｏｍ(ブルーム),東京都東村山市久米川町１,17,5.0,4.0,4.0,1LDK,48.4,10.4,10000.0,https://suumo.jp/jj/chintai/ichiran/FR301FC001/?ar=030&bs=040&ta=13&sc=13213&cb=0.0&ct=9999999&et=9999999&cn=9999999&mb=0&mt=9999999&shkr1=03&shkr2=03&shkr3=03&shkr4=03&fw2=&srch_navi=1&page=5
2026-04-02 20:42:52,2026-04-02,東村山市,mansion,ＪＲ武蔵野線 新秋津駅 4階建 築5年,東京都東村山市久米川町１,17,5.0,4.0,4.0,1LDK,48.4,10.4,10000.0,https://suumo.jp/jj/chintai/ichiran/FR301FC001/?ar=030&bs=040&ta=13&sc=13213&cb=0.0&ct=9999999&et=9999999&cn=9999999&mb=0&mt=9999999&shkr1=03&shkr2=03&shkr3=03&shkr4=03&fw2=&srch_navi=1&page=5
2026-04-02 20:42:52,2026-04-02,東村山市,mansion,ライオンズマンション秋津,東京都東村山市秋津町２,14,35.0,10.0,6.0,2K,35.23,8.0,,https://suumo.jp/jj/chintai/ichiran/FR301FC001/?ar=030&bs=040&ta=13&sc=13213&cb=0.0&ct=9999999&et=9999999&cn=9999999&mb=0&mt=9999999&shkr1=03&shkr2=03&shkr3=03&shkr4=03&fw2=&srch_navi=1&page=5
2026-04-02 20:42:52,2026-04-02,東村山市,mansion,石山ビル,東京都東村山市栄町２,3,37.0,1.0,3.0,1K,19.86,5.2,,https://suumo.jp/jj/chintai/ichiran/FR301FC001/?ar=030&bs=040&ta=13&sc=13213&cb=0.0&ct=9999999&et=9999999&cn=9999999&mb=0&mt=9999999&shkr1=03&shkr2=03&shkr3=03&shkr4=03&fw2=&srch_navi=1&page=5
2026-04-02 20:42:52,2026-04-02,東村山市,mansion,石山ビル,東京都東村山市栄町２,3,37.0,1.0,2.0,ワンルーム,116.01,35.2,,https://suumo.jp/jj/chintai/ichiran/FR301FC001/?ar=030&bs=040&ta=13&sc=13213&cb=0.0&ct=9999999&et=9999999&cn=9999999&mb=0&mt=9999999&shkr1=03&shkr2=03&shkr3=03&shkr4=03&fw2=&srch_navi=1&page=5
2026-04-02 20:42:52,2026-04-02,東村山市,mansion,Ｊビル,東京都東村山市栄町２,2,30.0,4.0,4.0,ワンルーム,17.0,4.5,5000.0,https://suumo.jp/jj/chintai/ichiran/FR301FC001/?ar=030&bs=040&ta=13&sc=13213&cb=0.0&ct=9999999&et=9999999&cn=9999999&mb=0&mt=9999999&shkr1=03&shkr2=03&shkr3=03&shkr4=03&fw2=&srch_navi=1&page=5
2026-04-02 20:42:52,2026-04-02,東村山市,mansion,ソレイユ,東京都東村山市本町１,8,31.0,3.0,3.0,1K,17.13,2.9,1000.0,https://suumo.jp/jj/chintai/ichiran/FR301FC001/?ar=030&bs=040&ta=13&sc=13213&cb=0.0&ct=9999999&et=9999999&cn=9999999&mb=0&mt=9999999&shkr1=03&shkr2=03&shkr3=03&shkr4=03&fw2=&srch_navi=1&page=5
2026-04-02 20:42:52,2026-04-02,東村山市,mansion,ライオンズマンション東村山第３,東京都東村山市本町２,4,37.0,5.0,2.0,1K,18.64,4.2,8000.0,https://suumo.jp/jj/chintai/ichiran/FR301FC001/?ar=030&bs=040&ta=13&sc=13213&cb=0.0&ct=9999999&et=9999999&cn=9999999&mb=0&mt=9999999&shkr1=03&shkr2=03&shkr3=03&shkr4=03&fw2=&srch_navi=1&page=5
2026-04-02 20:42:52,2026-04-02,東村山市,mansion,ライオンズマンション東村山第３,東京都東村山市本町２,4,37.0,5.0,4.0,1K,21.6,4.9,2000.0,https://suumo.jp/jj/chintai/ichiran/FR301FC001/?ar=030&bs=040&ta=13&sc=13213&cb=0.0&ct=9999999&et=9999999&cn=9999999&mb=0&mt=9999999&shkr1=03&shkr2=03&shkr3=03&shkr4=03&fw2=&srch_navi=1&page=5
2026-04-02 20:42:52,2026-04-02,東村山市,mansion,サンライフスカイ,東京都東村山市野口町４,6,29.0,3.0,2.0,ワンルーム,16.8,3.8,3200.0,https://suumo.jp/jj/chintai/ichiran/FR301FC001/?ar=030&bs=040&ta=13&sc=13213&cb=0.0&ct=9999999&et=9999999&cn=9999999&mb=0&mt=9999999&shkr1=03&shkr2=03&shkr3=03&shkr4=03&fw2=&srch_navi=1&page=5
2026-04-02 20:42:52,2026-04-02,東村山市,mansion,サンライフスカイ,東京都東村山市野口町４,6,29.0,3.0,1.0,ワンルーム,16.8,3.9,3200.0,https://suumo.jp/jj/chintai/ichiran/FR301FC001/?ar=030&bs=040&ta=13&sc=13213&cb=0.0&ct=9999999&et=9999999&cn=9999999&mb=0&mt=9999999&shkr1=03&shkr2=03&shkr3=03&shkr4=03&fw2=&srch_navi=1&page=5
2026-04-02 20:42:52,2026-04-02,東村山市,mansion,ワコーレ東村山,東京都東村山市本町１,8,39.0,4.0,1.0,1K,16.09,3.1,6000.0,https://suumo.jp/jj/chintai/ichiran/FR301FC001/?ar=030&bs=040&ta=13&sc=13213&cb=0.0&ct=9999999&et=9999999&cn=9999999&mb=0&mt=9999999&shkr1=03&shkr2=03&shkr3=03&shkr4=03&fw2=&srch_navi=1&page=5
2026-04-02 20:42:52,2026-04-02,東村山市,mansion,ワコーレ東村山,東京都東村山市本町１,8,39.0,4.0,1.0,1K,16.09,3.0,7000.0,https://suumo.jp/jj/chintai/ichiran/FR301FC001/?ar=030&bs=040&ta=13&sc=13213&cb=0.0&ct=9999999&et=9999999&cn=9999999&mb=0&mt=9999999&shkr1=03&shkr2=03&shkr3=03&shkr4=03&fw2=&srch_navi=1&page=5
2026-04-02 20:42:52,2026-04-02,東村山市,mansion,ウイングコート久米川,東京都東村山市久米川町４,5,36.0,4.0,4.0,ワンルーム,13.81,3.8,1000.0,https://suumo.jp/jj/chintai/ichiran/FR301FC001/?ar=030&bs=040&ta=13&sc=13213&cb=0.0&ct=9999999&et=9999999&cn=9999999&mb=0&mt=9999999&shkr1=03&shkr2=03&shkr3=03&shkr4=03&fw2=&srch_navi=1&page=5
2026-04-02 20:42:52,2026-04-02,東村山市,mansion,ウイングコート久米川,東京都東村山市久米川町４,5,36.0,4.0,1.0,ワンルーム,21.29,4.3,,https://suumo.jp/jj/chintai/ichiran/FR301FC001/?ar=030&bs=040&ta=13&sc=13213&cb=0.0&ct=9999999&et=9999999&cn=9999999&mb=0&mt=9999999&shkr1=03&shkr2=03&shkr3=03&shkr4=03&fw2=&srch_navi=1&page=5
2026-04-02 20:42:52,2026-04-02,東村山市,mansion,西武新宿線 東村山駅 5階建 築37年,東京都東村山市本町２,4,37.0,5.0,2.0,1K,18.64,4.2,8000.0,https://suumo.jp/jj/chintai/ichiran/FR301FC001/?ar=030&bs=040&ta=13&sc=13213&cb=0.0&ct=9999999&et=9999999&cn=9999999&mb=0&mt=9999999&shkr1=03&shkr2=03&shkr3=03&shkr4=03&fw2=&srch_navi=1&page=5
2026-04-02 20:42:52,2026-04-02,東村山市,mansion,西武新宿線 東村山駅 5階建 築37年,東京都東村山市本町２,4,37.0,5.0,4.0,1K,21.6,4.9,2000.0,https://suumo.jp/jj/chintai/ichiran/FR301FC001/?ar=030&bs=040&ta=13&sc=13213&cb=0.0&ct=9999999&et=9999999&cn=9999999&mb=0&mt=9999999&shkr1=03&shkr2=03&shkr3=03&shkr4=03&fw2=&srch_navi=1&page=5
2026-04-02 20:42:52,2026-04-02,東村山市,mansion,JUN東村山,東京都東村山市諏訪町１,7,34.0,3.0,1.0,ワンルーム,16.5,3.5,3000.0,https://suumo.jp/jj/chintai/ichiran/FR301FC001/?ar=030&bs=040&ta=13&sc=13213&cb=0.0&ct=9999999&et=9999999&cn=9999999&mb=0&mt=9999999&shkr1=03&shkr2=03&shkr3=03&shkr4=03&fw2=&srch_navi=1&page=5
2026-04-02 20:42:52,2026-04-02,東村山市,mansion,オーク・ビル,東京都東村山市栄町２,2,35.0,8.0,5.0,ワンルーム,14.12,3.1,7000.0,https://suumo.jp/jj/chintai/ichiran/FR301FC001/?ar=030&bs=040&ta=13&sc=13213&cb=0.0&ct=9999999&et=9999999&cn=9999999&mb=0&mt=9999999&shkr1=03&shkr2=03&shkr3=03&shkr4=03&fw2=&srch_navi=1&page=6
2026-04-02 20:42:52,2026-04-02,東村山市,mansion,オーク・ビル,東京都東村山市栄町２,2,35.0,8.0,3.0,ワンルーム,15.28,3.5,7000.0,https://suumo.jp/jj/chintai/ichiran/FR301FC001/?ar=030&bs=040&ta=13&sc=13213&cb=0.0&ct=9999999&et=9999999&cn=9999999&mb=0&mt=9999999&shkr1=03&shkr2=03&shkr3=03&shkr4=03&fw2=&srch_navi=1&page=6
2026-04-02 20:42:52,2026-04-02,東村山市,mansion,メゾン東村山,東京都東村山市野口町１,2,34.0,3.0,3.0,ワンルーム,16.52,3.2,3000.0,https://suumo.jp/jj/chintai/ichiran/FR301FC001/?ar=030&bs=040&ta=13&sc=13213&cb=0.0&ct=9999999&et=9999999&cn=9999999&mb=0&mt=9999999&shkr1=03&shkr2=03&shkr3=03&shkr4=03&fw2=&srch_navi=1&page=6
2026-04-02 20:42:52,2026-04-02,東村山市,mansion,メゾン東村山,東京都東村山市野口町１,2,34.0,3.0,2.0,ワンルーム,16.52,3.5,3000.0,https://suumo.jp/jj/chintai/ichiran/FR301FC001/?ar=030&bs=040&ta=13&sc=13213&cb=0.0&ct=9999999&et=9999999&cn=9999999&mb=0&mt=9999999&shkr1=03&shkr2=03&shkr3=03&shkr4=03&fw2=&srch_navi=1&page=6
2026-04-02 20:42:52,2026-04-02,東村山市,mansion,西武国分寺線 東村山駅 3階建 築34年,東京都東村山市野口町１,2,34.0,3.0,3.0,ワンルーム,16.52,3.2,3000.0,https://suumo.jp/jj/chintai/ichiran/FR301FC001/?ar=030&bs=040&ta=13&sc=13213&cb=0.0&ct=9999999&et=9999999&cn=9999999&mb=0&mt=9999999&shkr1=03&shkr2=03&shkr3=03&shkr4=03&fw2=&srch_navi=1&page=6
2026-04-02 20:42:52,2026-04-02,東村山市,mansion,西武国分寺線 東村山駅 3階建 築34年,東京都東村山市野口町１,2,34.0,3.0,2.0,ワンルーム,16.52,3.5,3000.0,https://suumo.jp/jj/chintai/ichiran/FR301FC001/?ar=030&bs=040&ta=13&sc=13213&cb=0.0&ct=9999999&et=9999999&cn=9999999&mb=0&mt=9999999&shkr1=03&shkr2=03&shkr3=03&shkr4=03&fw2=&srch_navi=1&page=6
2026-04-02 20:42:52,2026-04-02,東村山市,mansion,荒川ビル,東京都東村山市栄町３,2,41.0,4.0,2.0,ワンルーム,37.92,8.7,2000.0,https://suumo.jp/jj/chintai/ichiran/FR301FC001/?ar=030&bs=040&ta=13&sc=13213&cb=0.0&ct=9999999&et=9999999&cn=9999999&mb=0&mt=9999999&shkr1=03&shkr2=03&shkr3=03&shkr4=03&fw2=&srch_navi=1&page=6
2026-04-02 20:42:52,2026-04-02,東村山市,mansion,西武新宿線 久米川駅 7階建 築31年,東京都東村山市栄町２,2,31.0,7.0,3.0,1K,20.68,7.7,5000.0,https://suumo.jp/jj/chintai/ichiran/FR301FC001/?ar=030&bs=040&ta=13&sc=13213&cb=0.0&ct=9999999&et=9999999&cn=9999999&mb=0&mt=9999999&shkr1=03&shkr2=03&shkr3=03&shkr4=03&fw2=&srch_navi=1&page=6
2026-04-02 20:42:52,2026-04-02,東村山市,mansion,西武新宿線 久米川駅 7階建 築31年,東京都東村山市栄町２,2,31.0,7.0,7.0,2LDK,75.88,15.8,10000.0,https://suumo.jp/jj/chintai/ichiran/FR301FC001/?ar=030&bs=040&ta=13&sc=13213&cb=0.0&ct=9999999&et=9999999&cn=9999999&mb=0&mt=9999999&shkr1=03&shkr2=03&shkr3=03&shkr4=03&fw2=&srch_navi=1&page=6
2026-04-02 20:42:52,2026-04-02,東村山市,mansion,Aifort.久米川IV,東京都東村山市栄町２,2,31.0,7.0,7.0,2LDK,75.88,15.8,10000.0,https://suumo.jp/jj/chintai/ichiran/FR301FC001/?ar=030&bs=040&ta=13&sc=13213&cb=0.0&ct=9999999&et=9999999&cn=9999999&mb=0&mt=9999999&shkr1=03&shkr2=03&shkr3=03&shkr4=03&fw2=&srch_navi=1&page=6
2026-04-02 20:42:52,2026-04-02,東村山市,mansion,アート・フル野口,東京都東村山市野口町１,3,8.0,3.0,2.0,1LDK,29.79,8.3,5000.0,https://suumo.jp/jj/chintai/ichiran/FR301FC001/?ar=030&bs=040&ta=13&sc=13213&cb=0.0&ct=9999999&et=9999999&cn=9999999&mb=0&mt=9999999&shkr1=03&shkr2=03&shkr3=03&shkr4=03&fw2=&srch_navi=1&page=7
2026-04-02 20:42:52,2026-04-02,東村山市,mansion,ラークハイツ,東京都東村山市秋津町１,5,33.0,3.0,1.0,2LDK,57.6,8.0,,https://suumo.jp/jj/chintai/ichiran/FR301FC001/?ar=030&bs=040&ta=13&sc=13213&cb=0.0&ct=9999999&et=9999999&cn=9999999&mb=0&mt=9999999&shkr1=03&shkr2=03&shkr3=03&shkr4=03&fw2=&srch_navi=1&page=7
2026-04-02 20:42:52,2026-04-02,東村山市,mansion,西武国分寺線 東村山駅 3階建 築23年,東京都東村山市久米川町４,7,23.0,3.0,3.0,1K,25.92,5.9,3000.0,https://suumo.jp/jj/chintai/ichiran/FR301FC001/?ar=030&bs=040&ta=13&sc=13213&cb=0.0&ct=9999999&et=9999999&cn=9999999&mb=0&mt=9999999&shkr1=03&shkr2=03&shkr3=03&shkr4=03&fw2=&srch_navi=1&page=7
2026-04-02 20:42:52,2026-04-02,東村山市,mansion,ロイヤル美住町,東京都東村山市美住町２,8,35.0,3.0,3.0,2DK,44.28,6.9,3000.0,https://suumo.jp/jj/chintai/ichiran/FR301FC001/?ar=030&bs=040&ta=13&sc=13213&cb=0.0&ct=9999999&et=9999999&cn=9999999&mb=0&mt=9999999&shkr1=03&shkr2=03&shkr3=03&shkr4=03&fw2=&srch_navi=1&page=7
2026-04-02 20:42:52,2026-04-02,東村山市,mansion,ＪＲ武蔵野線 新秋津駅 3階建 築37年,東京都東村山市秋津町４,10,37.0,3.0,3.0,2DK,38.35,6.6,3000.0,https://suumo.jp/jj/chintai/ichiran/FR301FC001/?ar=030&bs=040&ta=13&sc=13213&cb=0.0&ct=9999999&et=9999999&cn=9999999&mb=0&mt=9999999&shkr1=03&shkr2=03&shkr3=03&shkr4=03&fw2=&srch_navi=1&page=8
2026-04-02 20:42:52,2026-04-02,東村山市,mansion,ｅｃｌｉｐｓｅ ｄｅ ｓｏｌｅｉｌ,東京都東村山市栄町１,5,14.0,3.0,2.0,1K,28.98,6.8,5000.0,https://suumo.jp/jj/chintai/ichiran/FR301FC001/?ar=030&bs=040&ta=13&sc=13213&cb=0.0&ct=9999999&et=9999999&cn=9999999&mb=0&mt=9999999&shkr1=03&shkr2=03&shkr3=03&shkr4=03&fw2=&srch_navi=1&page=8
2026-04-02 20:42:52,2026-04-02,東村山市,mansion,西武新宿線 久米川駅 3階建 築14年,東京都東村山市栄町１,5,14.0,3.0,2.0,1K,28.98,6.8,5000.0,https://suumo.jp/jj/chintai/ichiran/FR301FC001/?ar=030&bs=040&ta=13&sc=13213&cb=0.0&ct=9999999&et=9999999&cn=9999999&mb=0&mt=9999999&shkr1=03&shkr2=03&shkr3=03&shkr4=03&fw2=&srch_navi=1&page=8
2026-04-02 20:42:52,2026-04-02,東村山市,mansion,サニーウェル諏訪,東京都東村山市諏訪町３,15,37.0,2.0,2.0,2LDK,48.34,6.8,2000.0,https://suumo.jp/jj/chintai/ichiran/FR301FC001/?ar=030&bs=040&ta=13&sc=13213&cb=0.0&ct=9999999&et=9999999&cn=9999999&mb=0&mt=9999999&shkr1=03&shkr2=03&shkr3=03&shkr4=03&fw2=&srch_navi=1&page=8
2026-04-02 20:42:52,2026-04-02,東村山市,mansion,西武多摩湖線 八坂駅 5階建 築34年,東京都東村山市栄町３,3,34.0,5.0,3.0,2LDK,52.17,8.3,3000.0,https://suumo.jp/jj/chintai/ichiran/FR301FC001/?ar=030&bs=040&ta=13&sc=13213&cb=0.0&ct=9999999&et=9999999&cn=9999999&mb=0&mt=9999999&shkr1=03&shkr2=03&shkr3=03&shkr4=03&fw2=&srch_navi=1&page=8
2026-04-02 20:42:52,2026-04-02,東村山市,mansion,西武多摩湖線 八坂駅 5階建 築34年,東京都東村山市栄町３,3,34.0,5.0,4.0,2LDK,48.26,8.5,3000.0,https://suumo.jp/jj/chintai/ichiran/FR301FC001/?ar=030&bs=040&ta=13&sc=13213&cb=0.0&ct=9999999&et=9999999&cn=9999999&mb=0&mt=9999999&shkr1=03&shkr2=03&shkr3=03&shkr4=03&fw2=&srch_navi=1&page=8
2026-04-02 20:42:52,2026-04-02,東村山市,mansion,トキワ第2マンション,東京都東村山市本町２,4,36.0,4.0,1.0,1K,18.56,3.9,3000.0,https://suumo.jp/jj/chintai/ichiran/FR301FC001/?ar=030&bs=040&ta=13&sc=13213&cb=0.0&ct=9999999&et=9999999&cn=9999999&mb=0&mt=9999999&shkr1=03&shkr2=03&shkr3=03&shkr4=03&fw2=&srch_navi=1&page=8
2026-04-02 20:42:52,2026-04-02,東村山市,mansion,トキワ第2マンション,東京都東村山市本町２,4,36.0,4.0,1.0,1K,18.56,4.2,3000.0,https://suumo.jp/jj/chintai/ichiran/FR301FC001/?ar=030&bs=040&ta=13&sc=13213&cb=0.0&ct=9999999&et=9999999&cn=9999999&mb=0&mt=9999999&shkr1=03&shkr2=03&shkr3=03&shkr4=03&fw2=&srch_navi=1&page=8
2026-04-02 20:42:52,2026-04-02,東村山市,mansion,シティコーポパルナス東村山Ｐａｒｔ５,東京都東村山市野口町１,4,38.0,4.0,2.0,2DK,31.42,5.8,3000.0,https://suumo.jp/jj/chintai/ichiran/FR301FC001/?ar=030&bs=040&ta=13&sc=13213&cb=0.0&ct=9999999&et=9999999&cn=9999999&mb=0&mt=9999999&shkr1=03&shkr2=03&shkr3=03&shkr4=03&fw2=&srch_navi=1&page=8
2026-04-02 20:42:52,2026-04-02,東村山市,mansion,ＮＣＲｅ東村山,東京都東村山市本町１,9,43.0,3.0,2.0,2LDK,60.0,8.3,5000.0,https://suumo.jp/jj/chintai/ichiran/FR301FC001/?ar=030&bs=040&ta=13&sc=13213&cb=0.0&ct=9999999&et=9999999&cn=9999999&mb=0&mt=9999999&shkr1=03&shkr2=03&shkr3=03&shkr4=03&fw2=&srch_navi=1&page=8
2026-04-02 20:42:52,2026-04-02,東村山市,mansion,サンハイツコヤマ,東京都東村山市恩多町２,10,40.0,3.0,1.0,2LDK,51.61,8.5,3000.0,https://suumo.jp/jj/chintai/ichiran/FR301FC001/?ar=030&bs=040&ta=13&sc=13213&cb=0.0&ct=9999999&et=9999999&cn=9999999&mb=0&mt=9999999&shkr1=03&shkr2=03&shkr3=03&shkr4=03&fw2=&srch_navi=1&page=9
2026-04-02 20:42:52,2026-04-02,東村山市,mansion,コンフォートアムール,東京都東村山市萩山町１,6,25.0,2.0,1.0,1K,24.75,6.3,3000.0,https://suumo.jp/jj/chintai/ichiran/FR301FC001/?ar=030&bs=040&ta=13&sc=13213&cb=0.0&ct=9999999&et=9999999&cn=9999999&mb=0&mt=9999999&shkr1=03&shkr2=03&shkr3=03&shkr4=03&fw2=&srch_navi=1&page=9
2026-04-02 20:42:52,2026-04-02,東村山市,mansion,第二萩山コーポ,東京都東村山市萩山町２,2,36.0,3.0,2.0,2DK,34.67,6.6,2000.0,https://suumo.jp/jj/chintai/ichiran/FR301FC001/?ar=030&bs=040&ta=13&sc=13213&cb=0.0&ct=9999999&et=9999999&cn=9999999&mb=0&mt=9999999&shkr1=03&shkr2=03&shkr3=03&shkr4=03&fw2=&srch_navi=1&page=9
2026-04-02 20:42:52,2026-04-02,東村山市,mansion,コモドパラッツォ久米川,東京都東村山市栄町２,4,9.0,8.0,4.0,1K,30.66,7.4,4000.0,https://suumo.jp/jj/chintai/ichiran/FR301FC001/?ar=030&bs=040&ta=13&sc=13213&cb=0.0&ct=9999999&et=9999999&cn=9999999&mb=0&mt=9999999&shkr1=03&shkr2=03&shkr3=03&shkr4=03&fw2=&srch_navi=1&page=9
2026-04-02 20:42:52,2026-04-02,東村山市,mansion,西武新宿線 東村山駅 3階建 築43年,東京都東村山市本町１,9,43.0,3.0,2.0,2LDK,60.0,8.3,5000.0,https://suumo.jp/jj/chintai/ichiran/FR301FC001/?ar=030&bs=040&ta=13&sc=13213&cb=0.0&ct=9999999&et=9999999&cn=9999999&mb=0&mt=9999999&shkr1=03&shkr2=03&shkr3=03&shkr4=03&fw2=&srch_navi=1&page=9
2026-04-02 20:42:52,2026-04-02,東村山市,mansion,ウェルストン,東京都東村山市廻田町４,10,38.0,3.0,2.0,2DK,46.25,5.9,1000.0,https://suumo.jp/jj/chintai/ichiran/FR301FC001/?ar=030&bs=040&ta=13&sc=13213&cb=0.0&ct=9999999&et=9999999&cn=9999999&mb=0&mt=9999999&shkr1=03&shkr2=03&shkr3=03&shkr4=03&fw2=&srch_navi=1&page=9
2026-04-02 20:42:52,2026-04-02,東村山市,mansion,西武新宿線 久米川駅 7階建 築33年,東京都東村山市栄町３,3,33.0,7.0,4.0,1DK,31.45,6.4,5000.0,https://suumo.jp/jj/chintai/ichiran/FR301FC001/?ar=030&bs=040&ta=13&sc=13213&cb=0.0&ct=9999999&et=9999999&cn=9999999&mb=0&mt=9999999&shkr1=03&shkr2=03&shkr3=03&shkr4=03&fw2=&srch_navi=1&page=9
2026-04-02 20:42:52,2026-04-02,東村山市,mansion,プランドール・レイ,東京都東村山市久米川町４,14,9.0,2.0,1.0,2LDK,56.58,11.0,5000.0,https://suumo.jp/jj/chintai/ichiran/FR301FC001/?ar=030&bs=040&ta=13&sc=13213&cb=0.0&ct=9999999&et=9999999&cn=9999999&mb=0&mt=9999999&shkr1=03&shkr2=03&shkr3=03&shkr4=03&fw2=&srch_navi=1&page=9
2026-04-02 20:42:52,2026-04-02,東村山市,mansion,ル・コフレ,東京都東村山市本町２,2,2.0,10.0,10.0,1K,21.59,7.35,4000.0,https://suumo.jp/jj/chintai/ichiran/FR301FC001/?ar=030&bs=040&ta=13&sc=13213&cb=0.0&ct=9999999&et=9999999&cn=9999999&mb=0&mt=9999999&shkr1=03&shkr2=03&shkr3=03&shkr4=03&fw2=&srch_navi=1&page=10
2026-04-02 20:42:52,2026-04-02,東村山市,mansion,西武新宿線 東村山駅 10階建 築3年,東京都東村山市本町２,3,3.0,10.0,10.0,1K,21.59,7.35,4000.0,https://suumo.jp/jj/chintai/ichiran/FR301FC001/?ar=030&bs=040&ta=13&sc=13213&cb=0.0&ct=9999999&et=9999999&cn=9999999&mb=0&mt=9999999&shkr1=03&shkr2=03&shkr3=03&shkr4=03&fw2=&srch_navi=1&page=10
2026-04-02 20:42:52,2026-04-02,東村山市,mansion,西武国分寺線 東村山駅 3階建 築38年,東京都東村山市久米川町４,9,38.0,3.0,2.0,1DK,29.0,5.7,2000.0,https://suumo.jp/jj/chintai/ichiran/FR301FC001/?ar=030&bs=040&ta=13&sc=13213&cb=0.0&ct=9999999&et=9999999&cn=9999999&mb=0&mt=9999999&shkr1=03&shkr2=03&shkr3=03&shkr4=03&fw2=&srch_navi=1&page=10
2026-04-02 20:42:52,2026-04-02,東村山市,mansion,西武新宿線 小平駅 2階建 築11年,東京都東村山市萩山町１,7,11.0,2.0,2.0,1K,25.92,8.0,4000.0,https://suumo.jp/jj/chintai/ichiran/FR301FC001/?ar=030&bs=040&ta=13&sc=13213&cb=0.0&ct=9999999&et=9999999&cn=9999999&mb=0&mt=9999999&shkr1=03&shkr2=03&shkr3=03&shkr4=03&fw2=&srch_navi=1&page=10
2026-04-02 20:42:52,2026-04-02,東村山市,mansion,プレステージパレス．,東京都東村山市栄町３,4,39.0,6.0,1.0,2DK,41.4,7.0,8000.0,https://suumo.jp/jj/chintai/ichiran/FR301FC001/?ar=030&bs=040&ta=13&sc=13213&cb=0.0&ct=9999999&et=9999999&cn=9999999&mb=0&mt=9999999&shkr1=03&shkr2=03&shkr3=03&shkr4=03&fw2=&srch_navi=1&page=10
2026-04-02 20:42:52,2026-04-02,東村山市,mansion,ルシエール東村山,東京都東村山市本町３,8,46.0,3.0,1.0,1LDK,38.16,5.2,4000.0,https://suumo.jp/jj/chintai/ichiran/FR301FC001/?ar=030&bs=040&ta=13&sc=13213&cb=0.0&ct=9999999&et=9999999&cn=9999999&mb=0&mt=9999999&shkr1=03&shkr2=03&shkr3=03&shkr4=03&fw2=&srch_navi=1&page=10
2026-04-02 20:42:52,2026-04-02,東村山市,mansion,西武新宿線 久米川駅 4階建 築39年,東京都東村山市本町１,5,39.0,4.0,3.0,2K,30.88,5.5,3000.0,https://suumo.jp/jj/chintai/ichiran/FR301FC001/?ar=030&bs=040&ta=13&sc=13213&cb=0.0&ct=9999999&et=9999999&cn=9999999&mb=0&mt=9999999&shkr1=03&shkr2=03&shkr3=03&shkr4=03&fw2=&srch_navi=1&page=10
2026-04-02 20:42:52,2026-04-02,東村山市,mansion,野澤ビル,東京都東村山市野口町１,4,13.0,4.0,2.0,1K,31.84,7.85,2900.0,https://suumo.jp/jj/chintai/ichiran/FR301FC001/?ar=030&bs=040&ta=13&sc=13213&cb=0.0&ct=9999999&et=9999999&cn=9999999&mb=0&mt=9999999&shkr1=03&shkr2=03&shkr3=03&shkr4=03&fw2=&srch_navi=1&page=10
2026-04-02 20:42:52,2026-04-02,東村山市,mansion,ロワール久米川,東京都東村山市栄町２,4,38.0,4.0,2.0,1LDK,22.67,7.5,3000.0,https://suumo.jp/jj/chintai/ichiran/FR301FC001/?ar=030&bs=040&ta=13&sc=13213&cb=0.0&ct=9999999&et=9999999&cn=9999999&mb=0&mt=9999999&shkr1=03&shkr2=03&shkr3=03&shkr4=03&fw2=&srch_navi=1&page=10
2026-04-02 20:42:52,2026-04-02,東村山市,mansion,Grace　Garden～グレースガーデン,東京都東村山市久米川町３,12,20.0,3.0,1.0,2LDK,57.14,12.0,5000.0,https://suumo.jp/jj/chintai/ichiran/FR301FC001/?ar=030&bs=040&ta=13&sc=13213&cb=0.0&ct=9999999&et=9999999&cn=9999999&mb=0&mt=9999999&shkr1=03&shkr2=03&shkr3=03&shkr4=03&fw2=&srch_navi=1&page=11
2026-04-02 20:42:52,2026-04-02,東村山市,mansion,Grace　Garden～グレースガーデン,東京都東村山市久米川町３,12,20.0,3.0,3.0,2LDK,55.96,12.0,5000.0,https://suumo.jp/jj/chintai/ichiran/FR301FC001/?ar=030&bs=040&ta=13&sc=13213&cb=0.0&ct=9999999&et=9999999&cn=9999999&mb=0&mt=9999999&shkr1=03&shkr2=03&shkr3=03&shkr4=03&fw2=&srch_navi=1&page=11
2026-04-02 20:42:52,2026-04-02,東村山市,mansion,Ｇｒａｃｅ　ＧａｒｄｅｎＡ,東京都東村山市久米川町３,12,20.0,3.0,3.0,2LDK,55.96,12.0,5000.0,https://suumo.jp/jj/chintai/ichiran/FR301FC001/?ar=030&bs=040&ta=13&sc=13213&cb=0.0&ct=9999999&et=9999999&cn=9999999&mb=0&mt=9999999&shkr1=03&shkr2=03&shkr3=03&shkr4=03&fw2=&srch_navi=1&page=11
2026-04-02 20:42:52,2026-04-02,東村山市,mansion,西武国分寺線 東村山駅 3階建 築38年,東京都東村山市久米川町３,18,38.0,3.0,2.0,2DK,41.25,6.0,,https://suumo.jp/jj/chintai/ichiran/FR301FC001/?ar=030&bs=040&ta=13&sc=13213&cb=0.0&ct=9999999&et=9999999&cn=9999999&mb=0&mt=9999999&shkr1=03&shkr2=03&shkr3=03&shkr4=03&fw2=&srch_navi=1&page=11
2026-04-02 20:42:52,2026-04-02,東村山市,mansion,西武新宿線 久米川駅 4階建 築37年,東京都東村山市栄町２,7,37.0,4.0,3.0,1K,27.8,5.7,2000.0,https://suumo.jp/jj/chintai/ichiran/FR301FC001/?ar=030&bs=040&ta=13&sc=13213&cb=0.0&ct=9999999&et=9999999&cn=9999999&mb=0&mt=9999999&shkr1=03&shkr2=03&shkr3=03&shkr4=03&fw2=&srch_navi=1&page=11
2026-04-02 20:42:52,2026-04-02,東村山市,mansion,ハイツ昭栄,東京都東村山市栄町２,1,33.0,6.0,2.0,2DK,36.5,8.4,6000.0,https://suumo.jp/jj/chintai/ichiran/FR301FC001/?ar=030&bs=040&ta=13&sc=13213&cb=0.0&ct=9999999&et=9999999&cn=9999999&mb=0&mt=9999999&shkr1=03&shkr2=03&shkr3=03&shkr4=03&fw2=&srch_navi=1&page=11
2026-04-02 20:42:52,2026-04-02,東村山市,mansion,ヴァンベール,東京都東村山市栄町１,3,31.0,5.0,4.0,1K,23.5,5.3,5000.0,https://suumo.jp/jj/chintai/ichiran/FR301FC001/?ar=030&bs=040&ta=13&sc=13213&cb=0.0&ct=9999999&et=9999999&cn=9999999&mb=0&mt=9999999&shkr1=03&shkr2=03&shkr3=03&shkr4=03&fw2=&srch_navi=1&page=11
2026-04-02 20:42:52,2026-04-02,東村山市,mansion,カーサ野崎,東京都東村山市恩多町３,10,39.0,3.0,1.0,1K,32.0,6.0,,https://suumo.jp/jj/chintai/ichiran/FR301FC001/?ar=030&bs=040&ta=13&sc=13213&cb=0.0&ct=9999999&et=9999999&cn=9999999&mb=0&mt=9999999&shkr1=03&shkr2=03&shkr3=03&shkr4=03&fw2=&srch_navi=1&page=11
2026-04-02 20:42:52,2026-04-02,東村山市,mansion,カーサ野崎,東京都東村山市恩多町３,10,39.0,3.0,1.0,1DK,32.4,6.0,3000.0,https://suumo.jp/jj/chintai/ichiran/FR301FC001/?ar=030&bs=040&ta=13&sc=13213&cb=0.0&ct=9999999&et=9999999&cn=9999999&mb=0&mt=9999999&shkr1=03&shkr2=03&shkr3=03&shkr4=03&fw2=&srch_navi=1&page=11
2026-04-02 20:42:52,2026-04-02,東村山市,mansion,コーポ小俣,東京都東村山市秋津町５,7,46.0,2.0,2.0,2DK,56.09,7.8,3000.0,https://suumo.jp/jj/chintai/ichiran/FR301FC001/?ar=030&bs=040&ta=13&sc=13213&cb=0.0&ct=9999999&et=9999999&cn=9999999&mb=0&mt=9999999&shkr1=03&shkr2=03&shkr3=03&shkr4=03&fw2=&srch_navi=1&page=11
2026-04-02 20:42:52,2026-04-02,東村山市,mansion,ウメジュネス,東京都東村山市栄町３,3,34.0,5.0,4.0,2DK,48.12,8.5,3000.0,https://suumo.jp/jj/chintai/ichiran/FR301FC001/?ar=030&bs=040&ta=13&sc=13213&cb=0.0&ct=9999999&et=9999999&cn=9999999&mb=0&mt=9999999&shkr1=03&shkr2=03&shkr3=03&shkr4=03&fw2=&srch_navi=1&page=11
2026-04-02 20:42:52,2026-04-02,東村山市,mansion,ウメジュネス,東京都東村山市栄町３,3,34.0,5.0,5.0,2LDK,66.01,15.5,5000.0,https://suumo.jp/jj/chintai/ichiran/FR301FC001/?ar=030&bs=040&ta=13&sc=13213&cb=0.0&ct=9999999&et=9999999&cn=9999999&mb=0&mt=9999999&shkr1=03&shkr2=03&shkr3=03&shkr4=03&fw2=&srch_navi=1&page=11
2026-04-02 20:42:52,2026-04-02,東村山市,mansion,NTハイツ富士見,東京都東村山市富士見町１,9,40.0,3.0,1.0,1LDK,37.0,6.3,2000.0,https://suumo.jp/jj/chintai/ichiran/FR301FC001/?ar=030&bs=040&ta=13&sc=13213&cb=0.0&ct=9999999&et=9999999&cn=9999999&mb=0&mt=9999999&shkr1=03&shkr2=03&shkr3=03&shkr4=03&fw2=&srch_navi=1&page=11
2026-04-02 20:42:52,2026-04-02,東村山市,mansion,グリーングラスハウス,東京都東村山市萩山町３,6,47.0,3.0,2.0,1DK,32.04,6.0,2000.0,https://suumo.jp/jj/chintai/ichiran/FR301FC001/?ar=030&bs=040&ta=13&sc=13213&cb=0.0&ct=9999999&et=9999999&cn=9999999&mb=0&mt=9999999&shkr1=03&shkr2=03&shkr3=03&shkr4=03&fw2=&srch_navi=1&page=12
2026-04-02 20:42:52,2026-04-02,東村山市,mansion,第一OSマンション,東京都東村山市本町２,5,39.0,3.0,2.0,1K,25.92,6.0,3000.0,https://suumo.jp/jj/chintai/ichiran/FR301FC001/?ar=030&bs=040&ta=13&sc=13213&cb=0.0&ct=9999999&et=9999999&cn=9999999&mb=0&mt=9999999&shkr1=03&shkr2=03&shkr3=03&shkr4=03&fw2=&srch_navi=1&page=12
2026-04-02 20:42:52,2026-04-02,東村山市,mansion,西武新宿線 久米川駅 3階建 築53年,東京都東村山市萩山町３,5,53.0,3.0,2.0,2DK,37.8,5.3,1500.0,https://suumo.jp/jj/chintai/ichiran/FR301FC001/?ar=030&bs=040&ta=13&sc=13213&cb=0.0&ct=9999999&et=9999999&cn=9999999&mb=0&mt=9999999&shkr1=03&shkr2=03&shkr3=03&shkr4=03&fw2=&srch_navi=1&page=12
2026-04-02 20:42:52,2026-04-02,東村山市,mansion,西武新宿線 久米川駅 3階建 築34年,東京都東村山市本町４,5,34.0,3.0,3.0,1K,16.54,4.3,2000.0,https://suumo.jp/jj/chintai/ichiran/FR301FC001/?ar=030&bs=040&ta=13&sc=13213&cb=0.0&ct=9999999&et=9999999&cn=9999999&mb=0&mt=9999999&shkr1=03&shkr2=03&shkr3=03&shkr4=03&fw2=&srch_navi=1&page=12
2026-04-02 20:42:52,2026-04-02,東村山市,mansion,西武新宿線 久米川駅 3階建 築34年,東京都東村山市本町４,5,34.0,3.0,2.0,1K,20.55,5.0,2000.0,https://suumo.jp/jj/chintai/ichiran/FR301FC001/?ar=030&bs=040&ta=13&sc=13213&cb=0.0&ct=9999999&et=9999999&cn=9999999&mb=0&mt=9999999&shkr1=03&shkr2=03&shkr3=03&shkr4=03&fw2=&srch_navi=1&page=12
2026-04-02 20:42:52,2026-04-02,東村山市,mansion,久米川グリーンコート,東京都東村山市本町４,5,36.0,3.0,2.0,ワンルーム,23.0,5.5,,https://suumo.jp/jj/chintai/ichiran/FR301FC001/?ar=030&bs=040&ta=13&sc=13213&cb=0.0&ct=9999999&et=9999999&cn=9999999&mb=0&mt=9999999&shkr1=03&shkr2=03&shkr3=03&shkr4=03&fw2=&srch_navi=1&page=13
2026-04-02 20:42:52,2026-04-02,東村山市,mansion,東村山パーク・ホームズ,東京都東村山市久米川町３,14,35.0,3.0,2.0,2LDK,58.25,10.5,5000.0,https://suumo.jp/jj/chintai/ichiran/FR301FC001/?ar=030&bs=040&ta=13&sc=13213&cb=0.0&ct=9999999&et=9999999&cn=9999999&mb=0&mt=9999999&shkr1=03&shkr2=03&shkr3=03&shkr4=03&fw2=&srch_navi=1&page=13
2026-04-02 20:42:52,2026-04-02,東村山市,mansion,プリティマンション,東京都東村山市萩山町４,3,36.0,1.0,3.0,1K,22.68,5.2,3000.0,https://suumo.jp/jj/chintai/ichiran/FR301FC001/?ar=030&bs=040&ta=13&sc=13213&cb=0.0&ct=9999999&et=9999999&cn=9999999&mb=0&mt=9999999&shkr1=03&shkr2=03&shkr3=03&shkr4=03&fw2=&srch_navi=1&page=13
2026-04-02 20:42:52,2026-04-02,東村山市,mansion,第二山武ビル,東京都東村山市諏訪町１,8,34.0,3.0,3.0,2LDK,53.73,12.0,3000.0,https://suumo.jp/jj/chintai/ichiran/FR301FC001/?ar=030&bs=040&ta=13&sc=13213&cb=0.0&ct=9999999&et=9999999&cn=9999999&mb=0&mt=9999999&shkr1=03&shkr2=03&shkr3=03&shkr4=03&fw2=&srch_navi=1&page=13
2026-04-02 20:42:52,2026-04-02,東村山市,mansion,西武新宿線 久米川駅 3階建 築59年,東京都東村山市本町４,4,59.0,3.0,2.0,2DK,40.48,5.8,2000.0,https://suumo.jp/jj/chintai/ichiran/FR301FC001/?ar=030&bs=040&ta=13&sc=13213&cb=0.0&ct=9999999&et=9999999&cn=9999999&mb=0&mt=9999999&shkr1=03&shkr2=03&shkr3=03&shkr4=03&fw2=&srch_navi=1&page=13
2026-04-02 20:42:52,2026-04-02,東村山市,mansion,西武新宿線 久米川駅 3階建 築36年,東京都東村山市本町４,8,36.0,3.0,2.0,1K,17.0,3.9,5000.0,https://suumo.jp/jj/chintai/ichiran/FR301FC001/?ar=030&bs=040&ta=13&sc=13213&cb=0.0&ct=9999999&et=9999999&cn=9999999&mb=0&mt=9999999&shkr1=03&shkr2=03&shkr3=03&shkr4=03&fw2=&srch_navi=1&page=13
2026-04-02 20:42:52,2026-04-02,東村山市,mansion,西武多摩湖線 八坂駅 7階建 新築,東京都東村山市富士見町１,8,0.0,7.0,2.0,2LDK,59.3,16.0,15000.0,https://suumo.jp/jj/chintai/ichiran/FR301FC001/?ar=030&bs=040&ta=13&sc=13213&cb=0.0&ct=9999999&et=9999999&cn=9999999&mb=0&mt=9999999&shkr1=03&shkr2=03&shkr3=03&shkr4=03&fw2=&srch_navi=1&page=13
2026-04-02 20:42:52,2026-04-02,東村山市,mansion,西武新宿線 東村山駅 3階建 築29年,東京都東村山市野口町４,6,29.0,3.0,2.0,1K,16.8,4.0,3200.0,https://suumo.jp/jj/chintai/ichiran/FR301FC001/?ar=030&bs=040&ta=13&sc=13213&cb=0.0&ct=9999999&et=9999999&cn=9999999&mb=0&mt=9999999&shkr1=03&shkr2=03&shkr3=03&shkr4=03&fw2=&srch_navi=1&page=13
2026-04-02 20:42:52,2026-04-02,東村山市,mansion,イシバシビル,東京都東村山市栄町１,5,38.0,3.0,3.0,1K,19.0,4.5,,https://suumo.jp/jj/chintai/ichiran/FR301FC001/?ar=030&bs=040&ta=13&sc=13213&cb=0.0&ct=9999999&et=9999999&cn=9999999&mb=0&mt=9999999&shkr1=03&shkr2=03&shkr3=03&shkr4=03&fw2=&srch_navi=1&page=13
2026-04-02 20:42:52,2026-04-02,東村山市,mansion,西武新宿線 久米川駅 3階建 築38年,東京都東村山市栄町１,5,38.0,3.0,3.0,1K,19.0,4.5,,https://suumo.jp/jj/chintai/ichiran/FR301FC001/?ar=030&bs=040&ta=13&sc=13213&cb=0.0&ct=9999999&et=9999999&cn=9999999&mb=0&mt=9999999&shkr1=03&shkr2=03&shkr3=03&shkr4=03&fw2=&srch_navi=1&page=13
2026-04-02 20:42:52,2026-04-02,東村山市,mansion,西武新宿線 久米川駅 3階建 築43年,東京都東村山市栄町１,3,43.0,3.0,2.0,1K,19.44,5.5,,https://suumo.jp/jj/chintai/ichiran/FR301FC001/?ar=030&bs=040&ta=13&sc=13213&cb=0.0&ct=9999999&et=9999999&cn=9999999&mb=0&mt=9999999&shkr1=03&shkr2=03&shkr3=03&shkr4=03&fw2=&srch_navi=1&page=14
2026-04-02 20:42:52,2026-04-02,東村山市,mansion,リンテンバウム,東京都東村山市諏訪町１,5,4.0,3.0,2.0,2LDK,59.76,14.8,10000.0,https://suumo.jp/jj/chintai/ichiran/FR301FC001/?ar=030&bs=040&ta=13&sc=13213&cb=0.0&ct=9999999&et=9999999&cn=9999999&mb=0&mt=9999999&shkr1=03&shkr2=03&shkr3=03&shkr4=03&fw2=&srch_navi=1&page=14
2026-04-02 20:42:52,2026-04-02,東村山市,mansion,西武国分寺線 東村山駅 3階建 築4年,東京都東村山市諏訪町１,5,4.0,3.0,2.0,2LDK,59.76,14.8,10000.0,https://suumo.jp/jj/chintai/ichiran/FR301FC001/?ar=030&bs=040&ta=13&sc=13213&cb=0.0&ct=9999999&et=9999999&cn=9999999&mb=0&mt=9999999&shkr1=03&shkr2=03&shkr3=03&shkr4=03&fw2=&srch_navi=1&page=14
2026-04-02 20:42:52,2026-04-02,東村山市,mansion,西武新宿線 久米川駅 3階建 築33年,東京都東村山市栄町３,5,33.0,3.0,2.0,ワンルーム,18.0,4.5,2000.0,https://suumo.jp/jj/chintai/ichiran/FR301FC001/?ar=030&bs=040&ta=13&sc=13213&cb=0.0&ct=9999999&et=9999999&cn=9999999&mb=0&mt=9999999&shkr1=03&shkr2=03&shkr3=03&shkr4=03&fw2=&srch_navi=1&page=14
2026-04-02 20:42:52,2026-04-02,東村山市,mansion,メゾン小名,東京都東村山市栄町２,6,42.0,3.0,2.0,1K,18.5,4.2,,https://suumo.jp/jj/chintai/ichiran/FR301FC001/?ar=030&bs=040&ta=13&sc=13213&cb=0.0&ct=9999999&et=9999999&cn=9999999&mb=0&mt=9999999&shkr1=03&shkr2=03&shkr3=03&shkr4=03&fw2=&srch_navi=1&page=14
2026-04-02 20:42:52,2026-04-02,東村山市,mansion,メゾン小名,東京都東村山市栄町２,6,42.0,3.0,3.0,1K,21.3,4.4,,https://suumo.jp/jj/chintai/ichiran/FR301FC001/?ar=030&bs=040&ta=13&sc=13213&cb=0.0&ct=9999999&et=9999999&cn=9999999&mb=0&mt=9999999&shkr1=03&shkr2=03&shkr3=03&shkr4=03&fw2=&srch_navi=1&page=14
2026-04-02 20:42:52,2026-04-02,東村山市,mansion,エスカイア久米川,東京都東村山市栄町２,4,46.0,7.0,7.0,1LDK,42.71,10.0,5000.0,https://suumo.jp/jj/chintai/ichiran/FR301FC001/?ar=030&bs=040&ta=13&sc=13213&cb=0.0&ct=9999999&et=9999999&cn=9999999&mb=0&mt=9999999&shkr1=03&shkr2=03&shkr3=03&shkr4=03&fw2=&srch_navi=1&page=14
2026-04-02 20:42:52,2026-04-02,東村山市,mansion,エミネンス東村山,東京都東村山市本町２,2,35.0,7.0,2.0,ワンルーム,19.44,4.6,2000.0,https://suumo.jp/jj/chintai/ichiran/FR301FC001/?ar=030&bs=040&ta=13&sc=13213&cb=0.0&ct=9999999&et=9999999&cn=9999999&mb=0&mt=9999999&shkr1=03&shkr2=03&shkr3=03&shkr4=03&fw2=&srch_navi=1&page=14
2026-04-02 20:42:52,2026-04-02,東村山市,mansion,エミネンス東村山,東京都東村山市本町２,2,35.0,7.0,3.0,ワンルーム,19.44,4.6,2000.0,https://suumo.jp/jj/chintai/ichiran/FR301FC001/?ar=030&bs=040&ta=13&sc=13213&cb=0.0&ct=9999999&et=9999999&cn=9999999&mb=0&mt=9999999&shkr1=03&shkr2=03&shkr3=03&shkr4=03&fw2=&srch_navi=1&page=14
2026-04-02 20:42:52,2026-04-02,東村山市,mansion,西武新宿線 東村山駅 7階建 築35年,東京都東村山市本町２,2,35.0,7.0,3.0,ワンルーム,19.44,4.6,2000.0,https://suumo.jp/jj/chintai/ichiran/FR301FC001/?ar=030&bs=040&ta=13&sc=13213&cb=0.0&ct=9999999&et=9999999&cn=9999999&mb=0&mt=9999999&shkr1=03&shkr2=03&shkr3=03&shkr4=03&fw2=&srch_navi=1&page=14
2026-04-02 20:42:52,2026-04-02,東村山市,mansion,西武新宿線 東村山駅 7階建 築35年,東京都東村山市本町２,2,35.0,7.0,7.0,ワンルーム,19.44,4.8,2000.0,https://suumo.jp/jj/chintai/ichiran/FR301FC001/?ar=030&bs=040&ta=13&sc=13213&cb=0.0&ct=9999999&et=9999999&cn=9999999&mb=0&mt=9999999&shkr1=03&shkr2=03&shkr3=03&shkr4=03&fw2=&srch_navi=1&page=14
2026-04-02 20:42:52,2026-04-02,東村山市,mansion,西武新宿線 久米川駅 4階建 築37年,東京都東村山市栄町３,5,37.0,4.0,3.0,ワンルーム,19.8,4.7,,https://suumo.jp/jj/chintai/ichiran/FR301FC001/?ar=030&bs=040&ta=13&sc=13213&cb=0.0&ct=9999999&et=9999999&cn=9999999&mb=0&mt=9999999&shkr1=03&shkr2=03&shkr3=03&shkr4=03&fw2=&srch_navi=1&page=14
2026-04-02 20:42:52,2026-04-02,東村山市,mansion,レオパレス富士見II,東京都東村山市富士見町２,22,23.0,3.0,2.0,1K,23.18,4.6,7000.0,https://suumo.jp/jj/chintai/ichiran/FR301FC001/?ar=030&bs=040&ta=13&sc=13213&cb=0.0&ct=9999999&et=9999999&cn=9999999&mb=0&mt=9999999&shkr1=03&shkr2=03&shkr3=03&shkr4=03&fw2=&srch_navi=1&page=14
2026-04-02 20:42:52,2026-04-02,東村山市,mansion,西武新宿線 久米川駅 5階建 築35年,東京都東村山市栄町２,4,35.0,5.0,5.0,ワンルーム,16.2,4.4,,https://suumo.jp/jj/chintai/ichiran/FR301FC001/?ar=030&bs=040&ta=13&sc=13213&cb=0.0&ct=9999999&et=9999999&cn=9999999&mb=0&mt=9999999&shkr1=03&shkr2=03&shkr3=03&shkr4=03&fw2=&srch_navi=1&page=14
2026-04-02 20:42:52,2026-04-02,東村山市,mansion,西武新宿線 久米川駅 3階建 築42年,東京都東村山市栄町２,4,42.0,3.0,2.0,1K,18.5,4.2,,https://suumo.jp/jj/chintai/ichiran/FR301FC001/?ar=030&bs=040&ta=13&sc=13213&cb=0.0&ct=9999999&et=9999999&cn=9999999&mb=0&mt=9999999&shkr1=03&shkr2=03&shkr3=03&shkr4=03&fw2=&srch_navi=1&page=15
2026-04-02 20:42:52,2026-04-02,東村山市,mansion,西武新宿線 久米川駅 3階建 築42年,東京都東村山市栄町２,4,42.0,3.0,3.0,1K,21.3,4.4,,https://suumo.jp/jj/chintai/ichiran/FR301FC001/?ar=030&bs=040&ta=13&sc=13213&cb=0.0&ct=9999999&et=9999999&cn=9999999&mb=0&mt=9999999&shkr1=03&shkr2=03&shkr3=03&shkr4=03&fw2=&srch_navi=1&page=15
2026-04-02 20:42:52,2026-04-02,東村山市,mansion,西武国分寺線 東村山駅 4階建 築40年,東京都東村山市本町２,6,40.0,4.0,3.0,ワンルーム,18.32,4.6,1000.0,https://suumo.jp/jj/chintai/ichiran/FR301FC001/?ar=030&bs=040&ta=13&sc=13213&cb=0.0&ct=9999999&et=9999999&cn=9999999&mb=0&mt=9999999&shkr1=03&shkr2=03&shkr3=03&shkr4=03&fw2=&srch_navi=1&page=15
2026-04-02 20:42:52,2026-04-02,東村山市,mansion,西武新宿線 東村山駅 3階建 築46年,東京都東村山市廻田町１,15,46.0,3.0,1.0,2K,26.01,4.2,3000.0,https://suumo.jp/jj/chintai/ichiran/FR301FC001/?ar=030&bs=040&ta=13&sc=13213&cb=0.0&ct=9999999&et=9999999&cn=9999999&mb=0&mt=9999999&shkr1=03&shkr2=03&shkr3=03&shkr4=03&fw2=&srch_navi=1&page=15
2026-04-02 20:42:52,2026-04-02,東村山市,mansion,イシバシマンション,東京都東村山市栄町１,5,39.0,3.0,3.0,ワンルーム,19.25,4.5,,https://suumo.jp/jj/chintai/ichiran/FR301FC001/?ar=030&bs=040&ta=13&sc=13213&cb=0.0&ct=9999999&et=9999999&cn=9999999&mb=0&mt=9999999&shkr1=03&shkr2=03&shkr3=03&shkr4=03&fw2=&srch_navi=1&page=15
2026-04-02 20:42:52,2026-04-02,東村山市,mansion,サンメゾン久米川,東京都東村山市栄町１,6,36.0,3.0,2.0,ワンルーム,17.23,3.8,2000.0,https://suumo.jp/jj/chintai/ichiran/FR301FC001/?ar=030&bs=040&ta=13&sc=13213&cb=0.0&ct=9999999&et=9999999&cn=9999999&mb=0&mt=9999999&shkr1=03&shkr2=03&shkr3=03&shkr4=03&fw2=&srch_navi=1&page=15
2026-04-02 20:42:52,2026-04-02,東村山市,mansion,西武国分寺線 東村山駅 3階建 築34年,東京都東村山市諏訪町１,6,34.0,3.0,1.0,ワンルーム,16.2,3.5,3000.0,https://suumo.jp/jj/chintai/ichiran/FR301FC001/?ar=030&bs=040&ta=13&sc=13213&cb=0.0&ct=9999999&et=9999999&cn=9999999&mb=0&mt=9999999&shkr1=03&shkr2=03&shkr3=03&shkr4=03&fw2=&srch_navi=1&page=15
2026-04-02 20:42:52,2026-04-02,東村山市,mansion,西武新宿線 久米川駅 8階建 築35年,東京都東村山市栄町２,2,35.0,8.0,5.0,ワンルーム,14.12,3.1,7000.0,https://suumo.jp/jj/chintai/ichiran/FR301FC001/?ar=030&bs=040&ta=13&sc=13213&cb=0.0&ct=9999999&et=9999999&cn=9999999&mb=0&mt=9999999&shkr1=03&shkr2=03&shkr3=03&shkr4=03&fw2=&srch_navi=1&page=15
2026-04-02 20:42:52,2026-04-02,東村山市,mansion,西武新宿線 久米川駅 8階建 築35年,東京都東村山市栄町２,2,35.0,8.0,3.0,ワンルーム,15.28,3.5,7000.0,https://suumo.jp/jj/chintai/ichiran/FR301FC001/?ar=030&bs=040&ta=13&sc=13213&cb=0.0&ct=9999999&et=9999999&cn=9999999&mb=0&mt=9999999&shkr1=03&shkr2=03&shkr3=03&shkr4=03&fw2=&srch_navi=1&page=15
2026-04-02 20:42:52,2026-04-02,東村山市,mansion,アクシス富士見,東京都東村山市富士見町１,5,37.0,4.0,2.0,ワンルーム,18.88,3.8,2000.0,https://suumo.jp/jj/chintai/ichiran/FR301FC001/?ar=030&bs=040&ta=13&sc=13213&cb=0.0&ct=9999999&et=9999999&cn=9999999&mb=0&mt=9999999&shkr1=03&shkr2=03&shkr3=03&shkr4=03&fw2=&srch_navi=1&page=15
2026-04-02 20:42:52,2026-04-02,東村山市,mansion,西武新宿線 久米川駅 6階建 築46年,東京都東村山市栄町２,2,46.0,6.0,5.0,1LDK,42.71,10.0,5000.0,https://suumo.jp/jj/chintai/ichiran/FR301FC001/?ar=030&bs=040&ta=13&sc=13213&cb=0.0&ct=9999999&et=9999999&cn=9999999&mb=0&mt=9999999&shkr1=03&shkr2=03&shkr3=03&shkr4=03&fw2=&srch_navi=1&page=15
2026-04-02 20:42:52,2026-04-02,東村山市,mansion,センチュリーハイツ,東京都東村山市恩多町２,7,41.0,3.0,3.0,ワンルーム,13.5,3.7,2000.0,https://suumo.jp/jj/chintai/ichiran/FR301FC001/?ar=030&bs=040&ta=13&sc=13213&cb=0.0&ct=9999999&et=9999999&cn=9999999&mb=0&mt=9999999&shkr1=03&shkr2=03&shkr3=03&shkr4=03&fw2=&srch_navi=1&page=15
2026-04-02 20:42:52,2026-04-02,東村山市,mansion,センチュリーハイツ,東京都東村山市恩多町２,7,41.0,3.0,3.0,ワンルーム,13.5,4.1,2000.0,https://suumo.jp/jj/chintai/ichiran/FR301FC001/?ar=030&bs=040&ta=13&sc=13213&cb=0.0&ct=9999999&et=9999999&cn=9999999&mb=0&mt=9999999&shkr1=03&shkr2=03&shkr3=03&shkr4=03&fw2=&srch_navi=1&page=15
2026-04-02 20:42:52,2026-04-02,東村山市,mansion,西武新宿線 久米川駅 3階建 築41年,東京都東村山市恩多町２,7,41.0,3.0,3.0,ワンルーム,13.5,3.7,2000.0,https://suumo.jp/jj/chintai/ichiran/FR301FC001/?ar=030&bs=040&ta=13&sc=13213&cb=0.0&ct=9999999&et=9999999&cn=9999999&mb=0&mt=9999999&shkr1=03&shkr2=03&shkr3=03&shkr4=03&fw2=&srch_navi=1&page=15
2026-04-02 20:42:52,2026-04-02,東村山市,mansion,大森ハウス,東京都東村山市秋津町４,14,33.0,3.0,3.0,ワンルーム,13.0,3.3,,https://suumo.jp/jj/chintai/ichiran/FR301FC001/?ar=030&bs=040&ta=13&sc=13213&cb=0.0&ct=9999999&et=9999999&cn=9999999&mb=0&mt=9999999&shkr1=03&shkr2=03&shkr3=03&shkr4=03&fw2=&srch_navi=1&page=15
2026-04-02 20:42:52,2026-04-02,東村山市,mansion,レスポアール久米川,東京都東村山市栄町２,2,48.0,5.0,3.0,ワンルーム,34.14,5.0,5000.0,https://suumo.jp/jj/chintai/ichiran/FR301FC001/?ar=030&bs=040&ta=13&sc=13213&cb=0.0&ct=9999999&et=9999999&cn=9999999&mb=0&mt=9999999&shkr1=03&shkr2=03&shkr3=03&shkr4=03&fw2=&srch_navi=1&page=16
2026-04-02 20:42:52,2026-04-02,東村山市,mansion,エクスクルーシブ東村山,東京都東村山市美住町１,13,38.0,3.0,1.0,ワンルーム,22.55,3.6,2000.0,https://suumo.jp/jj/chintai/ichiran/FR301FC001/?ar=030&bs=040&ta=13&sc=13213&cb=0.0&ct=9999999&et=9999999&cn=9999999&mb=0&mt=9999999&shkr1=03&shkr2=03&shkr3=03&shkr4=03&fw2=&srch_navi=1&page=16
2026-04-02 20:42:52,2026-04-02,東村山市,mansion,西武多摩湖線 八坂駅 4階建 築41年,東京都東村山市栄町３,2,41.0,4.0,2.0,ワンルーム,37.92,8.7,2000.0,https://suumo.jp/jj/chintai/ichiran/FR301FC001/?ar=030&bs=040&ta=13&sc=13213&cb=0.0&ct=9999999&et=9999999&cn=9999999&mb=0&mt=9999999&shkr1=03&shkr2=03&shkr3=03&shkr4=03&fw2=&srch_navi=1&page=16
2026-04-02 20:42:52,2026-04-02,東村山市,mansion,西武新宿線 東村山駅 3階建 築11年,東京都東村山市本町３,11,11.0,3.0,2.0,1K,25.8,5.9,3000.0,https://suumo.jp/jj/chintai/ichiran/FR301FC001/?ar=030&bs=040&ta=13&sc=13213&cb=0.0&ct=9999999&et=9999999&cn=9999999&mb=0&mt=9999999&shkr1=03&shkr2=03&shkr3=03&shkr4=03&fw2=&srch_navi=1&page=16
2026-04-02 20:42:52,2026-04-02,東村山市,mansion,ハイツノザワ,東京都東村山市富士見町４,8,31.0,3.0,3.0,2DK,46.0,7.2,3000.0,https://suumo.jp/jj/chintai/ichiran/FR301FC001/?ar=030&bs=040&ta=13&sc=13213&cb=0.0&ct=9999999&et=9999999&cn=9999999&mb=0&mt=9999999&shkr1=03&shkr2=03&shkr3=03&shkr4=03&fw2=&srch_navi=1&page=16
2026-04-02 20:42:52,2026-04-02,東村山市,mansion,ナズ久米川レックス,東京都東村山市栄町３,5,36.0,3.0,2.0,2LDK,53.41,7.7,3000.0,https://suumo.jp/jj/chintai/ichiran/FR301FC001/?ar=030&bs=040&ta=13&sc=13213&cb=0.0&ct=9999999&et=9999999&cn=9999999&mb=0&mt=9999999&shkr1=03&shkr2=03&shkr3=03&shkr4=03&fw2=&srch_navi=1&page=16
2026-04-02 20:42:52,2026-04-02,東村山市,mansion,パインポルテ久米川,東京都東村山市栄町２,3,25.0,4.0,1.0,2LDK,56.4,9.3,2000.0,https://suumo.jp/jj/chintai/ichiran/FR301FC001/?ar=030&bs=040&ta=13&sc=13213&cb=0.0&ct=9999999&et=9999999&cn=9999999&mb=0&mt=9999999&shkr1=03&shkr2=03&shkr3=03&shkr4=03&fw2=&srch_navi=1&page=17
2026-04-02 20:42:52,2026-04-02,東村山市,mansion,リブリ・アイリスS,東京都東村山市野口町２,9,9.0,4.0,4.0,1K,26.08,7.2,4000.0,https://suumo.jp/jj/chintai/ichiran/FR301FC001/?ar=030&bs=040&ta=13&sc=13213&cb=0.0&ct=9999999&et=9999999&cn=9999999&mb=0&mt=9999999&shkr1=03&shkr2=03&shkr3=03&shkr4=03&fw2=&srch_navi=1&page=17
2026-04-02 20:42:52,2026-04-02,東村山市,mansion,ＪＲ武蔵野線 新秋津駅 3階建 築39年,東京都東村山市秋津町１,7,39.0,3.0,2.0,2DK,42.46,6.3,2000.0,https://suumo.jp/jj/chintai/ichiran/FR301FC001/?ar=030&bs=040&ta=13&sc=13213&cb=0.0&ct=9999999&et=9999999&cn=9999999&mb=0&mt=9999999&shkr1=03&shkr2=03&shkr3=03&shkr4=03&fw2=&srch_navi=1&page=17
2026-04-02 20:42:52,2026-04-02,東村山市,mansion,リブリ・Y’ｓ諏訪町,東京都東村山市諏訪町１,6,8.0,3.0,3.0,1K,26.08,6.8,4000.0,https://suumo.jp/jj/chintai/ichiran/FR301FC001/?ar=030&bs=040&ta=13&sc=13213&cb=0.0&ct=9999999&et=9999999&cn=9999999&mb=0&mt=9999999&shkr1=03&shkr2=03&shkr3=03&shkr4=03&fw2=&srch_navi=1&page=17
2026-04-02 20:42:52,2026-04-02,東村山市,mansion,双葉ハイツII,東京都東村山市秋津町２,7,32.0,2.0,2.0,1LDK,43.0,7.5,2000.0,https://suumo.jp/jj/chintai/ichiran/FR301FC001/?ar=030&bs=040&ta=13&sc=13213&cb=0.0&ct=9999999&et=9999999&cn=9999999&mb=0&mt=9999999&shkr1=03&shkr2=03&shkr3=03&shkr4=03&fw2=&srch_navi=1&page=17
2026-04-02 20:42:52,2026-04-02,東村山市,mansion,第５荒野ビル,東京都東村山市栄町３,3,2.0,8.0,5.0,1K,22.5,7.3,6000.0,https://suumo.jp/jj/chintai/ichiran/FR301FC001/?ar=030&bs=040&ta=13&sc=13213&cb=0.0&ct=9999999&et=9999999&cn=9999999&mb=0&mt=9999999&shkr1=03&shkr2=03&shkr3=03&shkr4=03&fw2=&srch_navi=1&page=17
2026-04-02 20:42:52,2026-04-02,東村山市,mansion,西武多摩湖線 萩山駅 3階建 築23年,東京都東村山市萩山町１,8,23.0,3.0,3.0,1K,19.87,6.5,5000.0,https://suumo.jp/jj/chintai/ichiran/FR301FC001/?ar=030&bs=040&ta=13&sc=13213&cb=0.0&ct=9999999&et=9999999&cn=9999999&mb=0&mt=9999999&shkr1=03&shkr2=03&shkr3=03&shkr4=03&fw2=&srch_navi=1&page=17
2026-04-02 20:42:52,2026-04-02,東村山市,mansion,双葉ハイツI,東京都東村山市秋津町２,7,32.0,2.0,2.0,1LDK,45.0,7.6,2000.0,https://suumo.jp/jj/chintai/ichiran/FR301FC001/?ar=030&bs=040&ta=13&sc=13213&cb=0.0&ct=9999999&et=9999999&cn=9999999&mb=0&mt=9999999&shkr1=03&shkr2=03&shkr3=03&shkr4=03&fw2=&srch_navi=1&page=17
2026-04-02 20:42:52,2026-04-02,東村山市,mansion,西武新宿線 久米川駅 13階建 築8年,東京都東村山市栄町２,1,8.0,13.0,3.0,1K,23.07,6.3,8000.0,https://suumo.jp/jj/chintai/ichiran/FR301FC001/?ar=030&bs=040&ta=13&sc=13213&cb=0.0&ct=9999999&et=9999999&cn=9999999&mb=0&mt=9999999&shkr1=03&shkr2=03&shkr3=03&shkr4=03&fw2=&srch_navi=1&page=17
2026-04-02 20:42:52,2026-04-02,東村山市,mansion,西武新宿線 久米川駅 13階建 築8年,東京都東村山市栄町２,1,8.0,13.0,8.0,1K,23.07,6.5,8000.0,https://suumo.jp/jj/chintai/ichiran/FR301FC001/?ar=030&bs=040&ta=13&sc=13213&cb=0.0&ct=9999999&et=9999999&cn=9999999&mb=0&mt=9999999&shkr1=03&shkr2=03&shkr3=03&shkr4=03&fw2=&srch_navi=1&page=17
2026-04-02 20:42:52,2026-04-02,東村山市,mansion,ＴＯＫＩＯ久米川タワー,東京都東村山市栄町２,1,8.0,13.0,6.0,1K,23.04,6.3,8000.0,https://suumo.jp/jj/chintai/ichiran/FR301FC001/?ar=030&bs=040&ta=13&sc=13213&cb=0.0&ct=9999999&et=9999999&cn=9999999&mb=0&mt=9999999&shkr1=03&shkr2=03&shkr3=03&shkr4=03&fw2=&srch_navi=1&page=18
2026-04-02 20:42:52,2026-04-02,東村山市,mansion,ＴＯＫＩＯ久米川タワー,東京都東村山市栄町２,1,8.0,13.0,10.0,1K,23.04,6.6,8000.0,https://suumo.jp/jj/chintai/ichiran/FR301FC001/?ar=030&bs=040&ta=13&sc=13213&cb=0.0&ct=9999999&et=9999999&cn=9999999&mb=0&mt=9999999&shkr1=03&shkr2=03&shkr3=03&shkr4=03&fw2=&srch_navi=1&page=18
2026-04-02 20:42:52,2026-04-02,東村山市,mansion,西武新宿線 久米川駅 5階建 築37年,東京都東村山市栄町２,4,37.0,5.0,2.0,2DK,35.7,6.5,2000.0,https://suumo.jp/jj/chintai/ichiran/FR301FC001/?ar=030&bs=040&ta=13&sc=13213&cb=0.0&ct=9999999&et=9999999&cn=9999999&mb=0&mt=9999999&shkr1=03&shkr2=03&shkr3=03&shkr4=03&fw2=&srch_navi=1&page=18
2026-04-02 20:42:52,2026-04-02,東村山市,mansion,ＪＵＮ東村山Ｂ号棟,東京都東村山市野口町３,9,39.0,3.0,3.0,2DK,44.71,7.0,3000.0,https://suumo.jp/jj/chintai/ichiran/FR301FC001/?ar=030&bs=040&ta=13&sc=13213&cb=0.0&ct=9999999&et=9999999&cn=9999999&mb=0&mt=9999999&shkr1=03&shkr2=03&shkr3=03&shkr4=03&fw2=&srch_navi=1&page=18
2026-04-02 20:42:52,2026-04-02,東村山市,mansion,シティパレス東村山,東京都東村山市久米川町４,7,38.0,3.0,2.0,2K,29.0,5.7,2000.0,https://suumo.jp/jj/chintai/ichiran/FR301FC001/?ar=030&bs=040&ta=13&sc=13213&cb=0.0&ct=9999999&et=9999999&cn=9999999&mb=0&mt=9999999&shkr1=03&shkr2=03&shkr3=03&shkr4=03&fw2=&srch_navi=1&page=18
2026-04-02 20:42:52,2026-04-02,東村山市,mansion,高木ビル,東京都東村山市栄町２,6,40.0,4.0,2.0,2DK,29.82,5.5,2000.0,https://suumo.jp/jj/chintai/ichiran/FR301FC001/?ar=030&bs=040&ta=13&sc=13213&cb=0.0&ct=9999999&et=9999999&cn=9999999&mb=0&mt=9999999&shkr1=03&shkr2=03&shkr3=03&shkr4=03&fw2=&srch_navi=1&page=18
2026-04-02 20:42:52,2026-04-02,東村山市,mansion,レモンハウス,東京都東村山市栄町３,3,37.0,1.0,3.0,1K,22.5,4.9,,https://suumo.jp/jj/chintai/ichiran/FR301FC001/?ar=030&bs=040&ta=13&sc=13213&cb=0.0&ct=9999999&et=9999999&cn=9999999&mb=0&mt=9999999&shkr1=03&shkr2=03&shkr3=03&shkr4=03&fw2=&srch_navi=1&page=18
2026-04-02 20:42:52,2026-04-02,東村山市,mansion,レモンハウス,東京都東村山市栄町３,3,37.0,1.0,4.0,2DK,36.0,6.5,3000.0,https://suumo.jp/jj/chintai/ichiran/FR301FC001/?ar=030&bs=040&ta=13&sc=13213&cb=0.0&ct=9999999&et=9999999&cn=9999999&mb=0&mt=9999999&shkr1=03&shkr2=03&shkr3=03&shkr4=03&fw2=&srch_navi=1&page=18
2026-04-02 20:42:52,2026-04-02,東村山市,mansion,西武新宿線 久米川駅 2階建 築21年,東京都東村山市栄町２,3,21.0,2.0,1.0,1K,21.03,6.4,3500.0,https://suumo.jp/jj/chintai/ichiran/FR301FC001/?ar=030&bs=040&ta=13&sc=13213&cb=0.0&ct=9999999&et=9999999&cn=9999999&mb=0&mt=9999999&shkr1=03&shkr2=03&shkr3=03&shkr4=03&fw2=&srch_navi=1&page=18
2026-04-02 20:42:52,2026-04-02,東村山市,mansion,エトワール美住,東京都東村山市美住町１,9,39.0,3.0,3.0,1LDK,43.0,7.2,4000.0,https://suumo.jp/jj/chintai/ichiran/FR301FC001/?ar=030&bs=040&ta=13&sc=13213&cb=0.0&ct=9999999&et=9999999&cn=9999999&mb=0&mt=9999999&shkr1=03&shkr2=03&shkr3=03&shkr4=03&fw2=&srch_navi=1&page=18
2026-04-02 20:42:52,2026-04-02,東村山市,mansion,センターハウス,東京都東村山市久米川町３,13,16.0,3.0,2.0,1K,20.36,5.5,2000.0,https://suumo.jp/jj/chintai/ichiran/FR301FC001/?ar=030&bs=040&ta=13&sc=13213&cb=0.0&ct=9999999&et=9999999&cn=9999999&mb=0&mt=9999999&shkr1=03&shkr2=03&shkr3=03&shkr4=03&fw2=&srch_navi=1&page=18
2026-04-02 20:42:52,2026-04-02,東村山市,mansion,サンセットハイム,東京都東村山市久米川町４,8,40.0,2.0,1.0,2DK,46.6,7.0,3000.0,https://suumo.jp/jj/chintai/ichiran/FR301FC001/?ar=030&bs=040&ta=13&sc=13213&cb=0.0&ct=9999999&et=9999999&cn=9999999&mb=0&mt=9999999&shkr1=03&shkr2=03&shkr3=03&shkr4=03&fw2=&srch_navi=1&page=18
2026-04-02 20:42:52,2026-04-02,東村山市,mansion,ジェネシスPART・II,東京都東村山市栄町２,6,38.0,3.0,1.0,2DK,38.0,7.0,3000.0,https://suumo.jp/jj/chintai/ichiran/FR301FC001/?ar=030&bs=040&ta=13&sc=13213&cb=0.0&ct=9999999&et=9999999&cn=9999999&mb=0&mt=9999999&shkr1=03&shkr2=03&shkr3=03&shkr4=03&fw2=&srch_navi=1&page=18
2026-04-02 20:42:52,2026-04-02,東村山市,mansion,ジェネシスPART・II,東京都東村山市栄町２,6,38.0,3.0,2.0,2DK,38.0,7.2,3000.0,https://suumo.jp/jj/chintai/ichiran/FR301FC001/?ar=030&bs=040&ta=13&sc=13213&cb=0.0&ct=9999999&et=9999999&cn=9999999&mb=0&mt=9999999&shkr1=03&shkr2=03&shkr3=03&shkr4=03&fw2=&srch_navi=1&page=18
2026-04-02 20:42:52,2026-04-02,東村山市,mansion,Ｐａｌａｃｅスズ,東京都東村山市本町１,6,34.0,4.0,4.0,1DK,31.5,6.0,3000.0,https://suumo.jp/jj/chintai/ichiran/FR301FC001/?ar=030&bs=040&ta=13&sc=13213&cb=0.0&ct=9999999&et=9999999&cn=9999999&mb=0&mt=9999999&shkr1=03&shkr2=03&shkr3=03&shkr4=03&fw2=&srch_navi=1&page=18
2026-04-02 20:42:52,2026-04-02,東村山市,mansion,西武新宿線 東村山駅 4階建 築34年,東京都東村山市本町１,6,34.0,4.0,4.0,1DK,31.5,6.0,3000.0,https://suumo.jp/jj/chintai/ichiran/FR301FC001/?ar=030&bs=040&ta=13&sc=13213&cb=0.0&ct=9999999&et=9999999&cn=9999999&mb=0&mt=9999999&shkr1=03&shkr2=03&shkr3=03&shkr4=03&fw2=&srch_navi=1&page=18
2026-04-02 20:42:52,2026-04-02,東村山市,mansion,福島ビル,東京都東村山市野口町１,2,35.0,3.0,2.0,2K,33.71,6.0,3000.0,https://suumo.jp/jj/chintai/ichiran/FR301FC001/?ar=030&bs=040&ta=13&sc=13213&cb=0.0&ct=9999999&et=9999999&cn=9999999&mb=0&mt=9999999&shkr1=03&shkr2=03&shkr3=03&shkr4=03&fw2=&srch_navi=1&page=18
2026-04-02 20:42:52,2026-04-02,東村山市,mansion,ライズ　コ－ポ,東京都東村山市廻田町１,14,36.0,3.0,2.0,2DK,33.0,6.4,,https://suumo.jp/jj/chintai/ichiran/FR301FC001/?ar=030&bs=040&ta=13&sc=13213&cb=0.0&ct=9999999&et=9999999&cn=9999999&mb=0&mt=9999999&shkr1=03&shkr2=03&shkr3=03&shkr4=03&fw2=&srch_navi=1&page=18
2026-04-02 20:42:52,2026-04-02,東村山市,mansion,ＥＮスクエア,東京都東村山市本町２,3,17.0,7.0,3.0,1K,26.0,7.0,5000.0,https://suumo.jp/jj/chintai/ichiran/FR301FC001/?ar=030&bs=040&ta=13&sc=13213&cb=0.0&ct=9999999&et=9999999&cn=9999999&mb=0&mt=9999999&shkr1=03&shkr2=03&shkr3=03&shkr4=03&fw2=&srch_navi=1&page=19
2026-04-02 20:42:52,2026-04-02,東村山市,mansion,グリーンヴィラ,東京都東村山市本町３,7,38.0,3.0,1.0,2K,33.0,6.5,1000.0,https://suumo.jp/jj/chintai/ichiran/FR301FC001/?ar=030&bs=040&ta=13&sc=13213&cb=0.0&ct=9999999&et=9999999&cn=9999999&mb=0&mt=9999999&shkr1=03&shkr2=03&shkr3=03&shkr4=03&fw2=&srch_navi=1&page=19
2026-04-02 20:42:52,2026-04-02,東村山市,mansion,アート・フル野口,東京都東村山市野口町１,3,8.0,3.0,2.0,1DK,29.79,8.3,5000.0,https://suumo.jp/jj/chintai/ichiran/FR301FC001/?ar=030&bs=040&ta=13&sc=13213&cb=0.0&ct=9999999&et=9999999&cn=9999999&mb=0&mt=9999999&shkr1=03&shkr2=03&shkr3=03&shkr4=03&fw2=&srch_navi=1&page=19
2026-04-02 20:42:52,2026-04-02,東村山市,mansion,フォレスト小平II,東京都東村山市萩山町１,7,11.0,2.0,2.0,1K,25.92,8.0,4000.0,https://suumo.jp/jj/chintai/ichiran/FR301FC001/?ar=030&bs=040&ta=13&sc=13213&cb=0.0&ct=9999999&et=9999999&cn=9999999&mb=0&mt=9999999&shkr1=03&shkr2=03&shkr3=03&shkr4=03&fw2=&srch_navi=1&page=19
2026-04-02 20:42:52,2026-04-02,東村山市,mansion,西武新宿線 久米川駅 3階建 築19年,東京都東村山市恩多町２,10,19.0,3.0,3.0,ワンルーム,16.98,5.1,3000.0,https://suumo.jp/jj/chintai/ichiran/FR301FC001/?ar=030&bs=040&ta=13&sc=13213&cb=0.0&ct=9999999&et=9999999&cn=9999999&mb=0&mt=9999999&shkr1=03&shkr2=03&shkr3=03&shkr4=03&fw2=&srch_navi=1&page=19
2026-04-02 20:42:52,2026-04-02,東村山市,mansion,キャッスルハイツ,東京都東村山市久米川町３,18,38.0,3.0,1.0,2DK,41.25,6.0,,https://suumo.jp/jj/chintai/ichiran/FR301FC001/?ar=030&bs=040&ta=13&sc=13213&cb=0.0&ct=9999999&et=9999999&cn=9999999&mb=0&mt=9999999&shkr1=03&shkr2=03&shkr3=03&shkr4=03&fw2=&srch_navi=1&page=19
2026-04-02 20:42:52,2026-04-02,東村山市,mansion,キャッスルハイツ,東京都東村山市久米川町３,18,38.0,3.0,2.0,2DK,41.25,6.0,,https://suumo.jp/jj/chintai/ichiran/FR301FC001/?ar=030&bs=040&ta=13&sc=13213&cb=0.0&ct=9999999&et=9999999&cn=9999999&mb=0&mt=9999999&shkr1=03&shkr2=03&shkr3=03&shkr4=03&fw2=&srch_navi=1&page=19
2026-04-02 20:42:52,2026-04-02,東村山市,mansion,西武国分寺線 東村山駅 3階建 築46年,東京都東村山市本町３,8,46.0,3.0,1.0,1LDK,38.16,5.2,4000.0,https://suumo.jp/jj/chintai/ichiran/FR301FC001/?ar=030&bs=040&ta=13&sc=13213&cb=0.0&ct=9999999&et=9999999&cn=9999999&mb=0&mt=9999999&shkr1=03&shkr2=03&shkr3=03&shkr4=03&fw2=&srch_navi=1&page=19
2026-04-02 20:42:52,2026-04-02,東村山市,mansion,西武新宿線 東村山駅 3階建 築20年,東京都東村山市久米川町３,12,20.0,3.0,1.0,2LDK,57.14,12.0,5000.0,https://suumo.jp/jj/chintai/ichiran/FR301FC001/?ar=030&bs=040&ta=13&sc=13213&cb=0.0&ct=9999999&et=9999999&cn=9999999&mb=0&mt=9999999&shkr1=03&shkr2=03&shkr3=03&shkr4=03&fw2=&srch_navi=1&page=20
2026-04-02 20:42:52,2026-04-02,東村山市,mansion,カーサペリオーレ,東京都東村山市栄町２,5,27.0,4.0,3.0,ワンルーム,22.2,6.3,2000.0,https://suumo.jp/jj/chintai/ichiran/FR301FC001/?ar=030&bs=040&ta=13&sc=13213&cb=0.0&ct=9999999&et=9999999&cn=9999999&mb=0&mt=9999999&shkr1=03&shkr2=03&shkr3=03&shkr4=03&fw2=&srch_navi=1&page=20
2026-04-02 20:42:52,2026-04-02,東村山市,mansion,コ－ポ新井,東京都東村山市秋津町５,5,45.0,2.0,2.0,1LDK,46.28,7.1,2000.0,https://suumo.jp/jj/chintai/ichiran/FR301FC001/?ar=030&bs=040&ta=13&sc=13213&cb=0.0&ct=9999999&et=9999999&cn=9999999&mb=0&mt=9999999&shkr1=03&shkr2=03&shkr3=03&shkr4=03&fw2=&srch_navi=1&page=20
2026-04-02 20:42:52,2026-04-02,東村山市,mansion,ファミリーナ秋津,東京都東村山市秋津町３,16,39.0,3.0,1.0,2DK,42.9,6.6,3000.0,https://suumo.jp/jj/chintai/ichiran/FR301FC001/?ar=030&bs=040&ta=13&sc=13213&cb=0.0&ct=9999999&et=9999999&cn=9999999&mb=0&mt=9999999&shkr1=03&shkr2=03&shkr3=03&shkr4=03&fw2=&srch_navi=1&page=20
2026-04-02 20:42:52,2026-04-02,東村山市,mansion,飯尾ビル,東京都東村山市栄町３,3,34.0,5.0,4.0,2DK,42.0,8.5,5000.0,https://suumo.jp/jj/chintai/ichiran/FR301FC001/?ar=030&bs=040&ta=13&sc=13213&cb=0.0&ct=9999999&et=9999999&cn=9999999&mb=0&mt=9999999&shkr1=03&shkr2=03&shkr3=03&shkr4=03&fw2=&srch_navi=1&page=20
2026-04-02 20:42:52,2026-04-02,東村山市,mansion,グラントルム弐番館,東京都東村山市栄町２,2,31.0,14.0,3.0,2DK,49.83,8.8,8000.0,https://suumo.jp/jj/chintai/ichiran/FR301FC001/?ar=030&bs=040&ta=13&sc=13213&cb=0.0&ct=9999999&et=9999999&cn=9999999&mb=0&mt=9999999&shkr1=03&shkr2=03&shkr3=03&shkr4=03&fw2=&srch_navi=1&page=20
2026-04-02 20:42:52,2026-04-02,東村山市,mansion,西武新宿線 久米川駅 5階建 築47年,東京都東村山市栄町２,1,47.0,5.0,3.0,2DK,38.59,6.3,3000.0,https://suumo.jp/jj/chintai/ichiran/FR301FC001/?ar=030&bs=040&ta=13&sc=13213&cb=0.0&ct=9999999&et=9999999&cn=9999999&mb=0&mt=9999999&shkr1=03&shkr2=03&shkr3=03&shkr4=03&fw2=&srch_navi=1&page=20
2026-04-02 20:42:52,2026-04-02,東村山市,mansion,西武新宿線 東村山駅 3階建 築41年,東京都東村山市本町３,8,41.0,3.0,1.0,1DK,36.0,6.7,3000.0,https://suumo.jp/jj/chintai/ichiran/FR301FC001/?ar=030&bs=040&ta=13&sc=13213&cb=0.0&ct=9999999&et=9999999&cn=9999999&mb=0&mt=9999999&shkr1=03&shkr2=03&shkr3=03&shkr4=03&fw2=&srch_navi=1&page=20
2026-04-02 20:42:52,2026-04-02,東村山市,mansion,La Maison du Vert,東京都東村山市栄町３,5,3.0,2.0,2.0,1LDK,52.22,11.6,8500.0,https://suumo.jp/jj/chintai/ichiran/FR301FC001/?ar=030&bs=040&ta=13&sc=13213&cb=0.0&ct=9999999&et=9999999&cn=9999999&mb=0&mt=9999999&shkr1=03&shkr2=03&shkr3=03&shkr4=03&fw2=&srch_navi=1&page=20
2026-04-02 20:42:52,2026-04-02,東村山市,mansion,西武多摩湖線 八坂駅 2階建 築3年,東京都東村山市栄町３,5,3.0,2.0,2.0,1LDK,52.22,11.6,8500.0,https://suumo.jp/jj/chintai/ichiran/FR301FC001/?ar=030&bs=040&ta=13&sc=13213&cb=0.0&ct=9999999&et=9999999&cn=9999999&mb=0&mt=9999999&shkr1=03&shkr2=03&shkr3=03&shkr4=03&fw2=&srch_navi=1&page=20
2026-04-02 20:42:52,2026-04-02,東村山市,mansion,第二当麻マンション,東京都東村山市恩多町２,17,38.0,3.0,2.0,1LDK,37.9,6.8,,https://suumo.jp/jj/chintai/ichiran/FR301FC001/?ar=030&bs=040&ta=13&sc=13213&cb=0.0&ct=9999999&et=9999999&cn=9999999&mb=0&mt=9999999&shkr1=03&shkr2=03&shkr3=03&shkr4=03&fw2=&srch_navi=1&page=20
2026-04-02 20:42:52,2026-04-02,東村山市,mansion,クレセントハウス,東京都東村山市野口町１,4,34.0,2.0,1.0,1K,19.25,5.4,2000.0,https://suumo.jp/jj/chintai/ichiran/FR301FC001/?ar=030&bs=040&ta=13&sc=13213&cb=0.0&ct=9999999&et=9999999&cn=9999999&mb=0&mt=9999999&shkr1=03&shkr2=03&shkr3=03&shkr4=03&fw2=&srch_navi=1&page=20
2026-04-02 20:42:52,2026-04-02,東村山市,mansion,コーポのざき,東京都東村山市恩多町３,18,39.0,3.0,3.0,2DK,49.32,6.7,2000.0,https://suumo.jp/jj/chintai/ichiran/FR301FC001/?ar=030&bs=040&ta=13&sc=13213&cb=0.0&ct=9999999&et=9999999&cn=9999999&mb=0&mt=9999999&shkr1=03&shkr2=03&shkr3=03&shkr4=03&fw2=&srch_navi=1&page=21
2026-04-02 20:42:52,2026-04-02,東村山市,mansion,西武新宿線 久米川駅 3階建 築39年,東京都東村山市恩多町３,18,39.0,3.0,3.0,2DK,49.32,6.7,2000.0,https://suumo.jp/jj/chintai/ichiran/FR301FC001/?ar=030&bs=040&ta=13&sc=13213&cb=0.0&ct=9999999&et=9999999&cn=9999999&mb=0&mt=9999999&shkr1=03&shkr2=03&shkr3=03&shkr4=03&fw2=&srch_navi=1&page=21
2026-04-02 20:42:52,2026-04-02,東村山市,mansion,明光ハイツ,東京都東村山市萩山町３,5,53.0,3.0,2.0,2DK,37.8,5.3,1500.0,https://suumo.jp/jj/chintai/ichiran/FR301FC001/?ar=030&bs=040&ta=13&sc=13213&cb=0.0&ct=9999999&et=9999999&cn=9999999&mb=0&mt=9999999&shkr1=03&shkr2=03&shkr3=03&shkr4=03&fw2=&srch_navi=1&page=21
2026-04-02 20:42:52,2026-04-02,東村山市,mansion,ケンジントンコート,東京都東村山市栄町１,3,49.0,3.0,1.0,2DK,37.9,7.0,2000.0,https://suumo.jp/jj/chintai/ichiran/FR301FC001/?ar=030&bs=040&ta=13&sc=13213&cb=0.0&ct=9999999&et=9999999&cn=9999999&mb=0&mt=9999999&shkr1=03&shkr2=03&shkr3=03&shkr4=03&fw2=&srch_navi=1&page=21
2026-04-02 20:42:52,2026-04-02,東村山市,mansion,西武新宿線 久米川駅 4階建 築13年,東京都東村山市栄町１,2,13.0,4.0,3.0,1K,32.76,9.2,6000.0,https://suumo.jp/jj/chintai/ichiran/FR301FC001/?ar=030&bs=040&ta=13&sc=13213&cb=0.0&ct=9999999&et=9999999&cn=9999999&mb=0&mt=9999999&shkr1=03&shkr2=03&shkr3=03&shkr4=03&fw2=&srch_navi=1&page=21
2026-04-02 20:42:52,2026-04-02,東村山市,mansion,西武新宿線 久米川駅 3階建 築36年,東京都東村山市本町４,6,36.0,3.0,2.0,ワンルーム,23.0,5.5,,https://suumo.jp/jj/chintai/ichiran/FR301FC001/?ar=030&bs=040&ta=13&sc=13213&cb=0.0&ct=9999999&et=9999999&cn=9999999&mb=0&mt=9999999&shkr1=03&shkr2=03&shkr3=03&shkr4=03&fw2=&srch_navi=1&page=21
2026-04-02 20:42:52,2026-04-02,東村山市,mansion,ＫＮマンション,東京都東村山市栄町１,2,35.0,7.0,5.0,1K,19.5,5.0,3000.0,https://suumo.jp/jj/chintai/ichiran/FR301FC001/?ar=030&bs=040&ta=13&sc=13213&cb=0.0&ct=9999999&et=9999999&cn=9999999&mb=0&mt=9999999&shkr1=03&shkr2=03&shkr3=03&shkr4=03&fw2=&srch_navi=1&page=21
2026-04-02 20:42:52,2026-04-02,東村山市,mansion,ロックケ－プ,東京都東村山市本町２,2,33.0,6.0,6.0,1K,17.0,4.7,3000.0,https://suumo.jp/jj/chintai/ichiran/FR301FC001/?ar=030&bs=040&ta=13&sc=13213&cb=0.0&ct=9999999&et=9999999&cn=9999999&mb=0&mt=9999999&shkr1=03&shkr2=03&shkr3=03&shkr4=03&fw2=&srch_navi=1&page=21
2026-04-02 20:42:52,2026-04-02,東村山市,mansion,山田ビル,東京都東村山市秋津町５,2,34.0,3.0,3.0,1LDK,66.0,9.8,,https://suumo.jp/jj/chintai/ichiran/FR301FC001/?ar=030&bs=040&ta=13&sc=13213&cb=0.0&ct=9999999&et=9999999&cn=9999999&mb=0&mt=9999999&shkr1=03&shkr2=03&shkr3=03&shkr4=03&fw2=&srch_navi=1&page=21
2026-04-02 20:42:52,2026-04-02,東村山市,mansion,西武国分寺線 東村山駅 5階建 築33年,東京都東村山市本町１,11,33.0,5.0,3.0,ワンルーム,15.12,4.8,,https://suumo.jp/jj/chintai/ichiran/FR301FC001/?ar=030&bs=040&ta=13&sc=13213&cb=0.0&ct=9999999&et=9999999&cn=9999999&mb=0&mt=9999999&shkr1=03&shkr2=03&shkr3=03&shkr4=03&fw2=&srch_navi=1&page=22
2026-04-02 20:42:52,2026-04-02,東村山市,mansion,小島ビル,東京都東村山市野口町２,10,41.0,3.0,2.0,1DK,24.0,3.8,2000.0,https://suumo.jp/jj/chintai/ichiran/FR301FC001/?ar=030&bs=040&ta=13&sc=13213&cb=0.0&ct=9999999&et=9999999&cn=9999999&mb=0&mt=9999999&shkr1=03&shkr2=03&shkr3=03&shkr4=03&fw2=&srch_navi=1&page=22
2026-04-02 20:42:52,2026-04-02,東村山市,mansion,リバーサイド久米川,東京都東村山市栄町３,5,33.0,3.0,2.0,ワンルーム,18.0,4.5,2000.0,https://suumo.jp/jj/chintai/ichiran/FR301FC001/?ar=030&bs=040&ta=13&sc=13213&cb=0.0&ct=9999999&et=9999999&cn=9999999&mb=0&mt=9999999&shkr1=03&shkr2=03&shkr3=03&shkr4=03&fw2=&srch_navi=1&page=22
2026-04-02 20:42:52,2026-04-02,東村山市,mansion,遠藤マンション,東京都東村山市栄町１,3,43.0,3.0,2.0,1K,19.44,5.5,,https://suumo.jp/jj/chintai/ichiran/FR301FC001/?ar=030&bs=040&ta=13&sc=13213&cb=0.0&ct=9999999&et=9999999&cn=9999999&mb=0&mt=9999999&shkr1=03&shkr2=03&shkr3=03&shkr4=03&fw2=&srch_navi=1&page=22
2026-04-02 20:42:52,2026-04-02,東村山市,mansion,西武新宿線 久米川駅 5階建 築30年,東京都東村山市栄町２,2,30.0,5.0,4.0,ワンルーム,17.0,4.5,5000.0,https://suumo.jp/jj/chintai/ichiran/FR301FC001/?ar=030&bs=040&ta=13&sc=13213&cb=0.0&ct=9999999&et=9999999&cn=9999999&mb=0&mt=9999999&shkr1=03&shkr2=03&shkr3=03&shkr4=03&fw2=&srch_navi=1&page=22
2026-04-02 20:42:52,2026-04-02,東村山市,mansion,ＧＭハウス,東京都東村山市栄町２,5,37.0,1.0,2.0,1K,16.47,3.8,3000.0,https://suumo.jp/jj/chintai/ichiran/FR301FC001/?ar=030&bs=040&ta=13&sc=13213&cb=0.0&ct=9999999&et=9999999&cn=9999999&mb=0&mt=9999999&shkr1=03&shkr2=03&shkr3=03&shkr4=03&fw2=&srch_navi=1&page=22
2026-04-02 20:42:52,2026-04-02,東村山市,mansion,ＧＭハウス,東京都東村山市栄町２,5,37.0,1.0,3.0,ワンルーム,16.47,3.9,3000.0,https://suumo.jp/jj/chintai/ichiran/FR301FC001/?ar=030&bs=040&ta=13&sc=13213&cb=0.0&ct=9999999&et=9999999&cn=9999999&mb=0&mt=9999999&shkr1=03&shkr2=03&shkr3=03&shkr4=03&fw2=&srch_navi=1&page=22
2026-04-02 20:42:52,2026-04-02,東村山市,mansion,第1荒野ビル,東京都東村山市栄町３,5,37.0,4.0,3.0,ワンルーム,19.8,4.7,,https://suumo.jp/jj/chintai/ichiran/FR301FC001/?ar=030&bs=040&ta=13&sc=13213&cb=0.0&ct=9999999&et=9999999&cn=9999999&mb=0&mt=9999999&shkr1=03&shkr2=03&shkr3=03&shkr4=03&fw2=&srch_navi=1&page=22
2026-04-02 20:42:52,2026-04-02,東村山市,mansion,東村山ペガサスビル,東京都東村山市本町１,11,39.0,5.0,1.0,1K,15.12,4.0,,https://suumo.jp/jj/chintai/ichiran/FR301FC001/?ar=030&bs=040&ta=13&sc=13213&cb=0.0&ct=9999999&et=9999999&cn=9999999&mb=0&mt=9999999&shkr1=03&shkr2=03&shkr3=03&shkr4=03&fw2=&srch_navi=1&page=22
2026-04-02 20:42:52,2026-04-02,東村山市,mansion,メゾン・エトワール,東京都東村山市本町１,7,35.0,4.0,2.0,ワンルーム,16.5,3.6,3000.0,https://suumo.jp/jj/chintai/ichiran/FR301FC001/?ar=030&bs=040&ta=13&sc=13213&cb=0.0&ct=9999999&et=9999999&cn=9999999&mb=0&mt=9999999&shkr1=03&shkr2=03&shkr3=03&shkr4=03&fw2=&srch_navi=1&page=22
2026-04-02 20:42:52,2026-04-02,東村山市,mansion,メゾン・エトワール,東京都東村山市本町１,7,35.0,4.0,4.0,ワンルーム,16.5,4.0,3000.0,https://suumo.jp/jj/chintai/ichiran/FR301FC001/?ar=030&bs=040&ta=13&sc=13213&cb=0.0&ct=9999999&et=9999999&cn=9999999&mb=0&mt=9999999&shkr1=03&shkr2=03&shkr3=03&shkr4=03&fw2=&srch_navi=1&page=22
2026-04-02 20:42:52,2026-04-02,東村山市,mansion,レヂオンス久米川PART7,東京都東村山市栄町２,4,35.0,5.0,5.0,ワンルーム,16.2,4.4,,https://suumo.jp/jj/chintai/ichiran/FR301FC001/?ar=030&bs=040&ta=13&sc=13213&cb=0.0&ct=9999999&et=9999999&cn=9999999&mb=0&mt=9999999&shkr1=03&shkr2=03&shkr3=03&shkr4=03&fw2=&srch_navi=1&page=23
2026-04-02 20:42:52,2026-04-02,東村山市,mansion,リンクスセカンド,東京都東村山市萩山町４,5,38.0,3.0,2.0,1K,14.82,3.6,,https://suumo.jp/jj/chintai/ichiran/FR301FC001/?ar=030&bs=040&ta=13&sc=13213&cb=0.0&ct=9999999&et=9999999&cn=9999999&mb=0&mt=9999999&shkr1=03&shkr2=03&shkr3=03&shkr4=03&fw2=&srch_navi=1&page=23
2026-04-02 20:42:52,2026-04-02,東村山市,mansion,西武国分寺線 小川駅 3階建 築23年,東京都東村山市富士見町２,22,23.0,3.0,2.0,1K,23.18,4.6,7000.0,https://suumo.jp/jj/chintai/ichiran/FR301FC001/?ar=030&bs=040&ta=13&sc=13213&cb=0.0&ct=9999999&et=9999999&cn=9999999&mb=0&mt=9999999&shkr1=03&shkr2=03&shkr3=03&shkr4=03&fw2=&srch_navi=1&page=23
2026-04-02 20:42:52,2026-04-02,東村山市,mansion,エピソードI萩山,東京都東村山市萩山町４,5,39.0,3.0,3.0,1K,18.35,3.5,2000.0,https://suumo.jp/jj/chintai/ichiran/FR301FC001/?ar=030&bs=040&ta=13&sc=13213&cb=0.0&ct=9999999&et=9999999&cn=9999999&mb=0&mt=9999999&shkr1=03&shkr2=03&shkr3=03&shkr4=03&fw2=&srch_navi=1&page=23
2026-04-02 20:42:52,2026-04-02,東村山市,mansion,エピソードI萩山,東京都東村山市萩山町４,5,39.0,3.0,3.0,1K,18.35,3.7,2000.0,https://suumo.jp/jj/chintai/ichiran/FR301FC001/?ar=030&bs=040&ta=13&sc=13213&cb=0.0&ct=9999999&et=9999999&cn=9999999&mb=0&mt=9999999&shkr1=03&shkr2=03&shkr3=03&shkr4=03&fw2=&srch_navi=1&page=23
2026-04-02 20:42:52,2026-04-02,東村山市,mansion,サンハイム久米川,東京都東村山市本町４,6,38.0,3.0,1.0,ワンルーム,13.0,4.3,2000.0,https://suumo.jp/jj/chintai/ichiran/FR301FC001/?ar=030&bs=040&ta=13&sc=13213&cb=0.0&ct=9999999&et=9999999&cn=9999999&mb=0&mt=9999999&shkr1=03&shkr2=03&shkr3=03&shkr4=03&fw2=&srch_navi=1&page=23
2026-04-02 20:42:52,2026-04-02,東村山市,mansion,武蔵野サンハイツ東村山,東京都東村山市廻田町１,15,46.0,3.0,1.0,2K,26.01,4.2,3000.0,https://suumo.jp/jj/chintai/ichiran/FR301FC001/?ar=030&bs=040&ta=13&sc=13213&cb=0.0&ct=9999999&et=9999999&cn=9999999&mb=0&mt=9999999&shkr1=03&shkr2=03&shkr3=03&shkr4=03&fw2=&srch_navi=1&page=23
2026-04-02 20:42:52,2026-04-02,東村山市,mansion,西武新宿線 東村山駅 4階建 築39年,東京都東村山市本町１,8,39.0,4.0,1.0,1K,19.06,3.1,6000.0,https://suumo.jp/jj/chintai/ichiran/FR301FC001/?ar=030&bs=040&ta=13&sc=13213&cb=0.0&ct=9999999&et=9999999&cn=9999999&mb=0&mt=9999999&shkr1=03&shkr2=03&shkr3=03&shkr4=03&fw2=&srch_navi=1&page=23
2026-04-02 20:42:52,2026-04-02,東村山市,mansion,西武新宿線 久米川駅 3階建 築36年,東京都東村山市栄町１,6,36.0,3.0,2.0,ワンルーム,17.23,3.8,2000.0,https://suumo.jp/jj/chintai/ichiran/FR301FC001/?ar=030&bs=040&ta=13&sc=13213&cb=0.0&ct=9999999&et=9999999&cn=9999999&mb=0&mt=9999999&shkr1=03&shkr2=03&shkr3=03&shkr4=03&fw2=&srch_navi=1&page=23
2026-04-02 20:42:52,2026-04-02,東村山市,mansion,コタカビル,東京都東村山市本町１,6,50.0,3.0,3.0,ワンルーム,27.0,6.6,,https://suumo.jp/jj/chintai/ichiran/FR301FC001/?ar=030&bs=040&ta=13&sc=13213&cb=0.0&ct=9999999&et=9999999&cn=9999999&mb=0&mt=9999999&shkr1=03&shkr2=03&shkr3=03&shkr4=03&fw2=&srch_navi=1&page=23
2026-04-02 20:42:52,2026-04-02,東村山市,mansion,コタカビル,東京都東村山市本町１,6,50.0,3.0,3.0,ワンルーム,21.0,6.6,,https://suumo.jp/jj/chintai/ichiran/FR301FC001/?ar=030&bs=040&ta=13&sc=13213&cb=0.0&ct=9999999&et=9999999&cn=9999999&mb=0&mt=9999999&shkr1=03&shkr2=03&shkr3=03&shkr4=03&fw2=&srch_navi=1&page=23
2026-04-02 20:42:52,2026-04-02,東村山市,mansion,当麻ビル,東京都東村山市栄町２,1,37.0,6.0,3.0,2LDK,58.04,13.0,6000.0,https://suumo.jp/jj/chintai/ichiran/FR301FC001/?ar=030&bs=040&ta=13&sc=13213&cb=0.0&ct=9999999&et=9999999&cn=9999999&mb=0&mt=9999999&shkr1=03&shkr2=03&shkr3=03&shkr4=03&fw2=&srch_navi=1&page=23
2026-04-02 20:42:52,2026-04-02,東村山市,mansion,西武新宿線 東村山駅 3階建 築43年,東京都東村山市野口町１,2,43.0,3.0,2.0,1K,20.86,3.8,3000.0,https://suumo.jp/jj/chintai/ichiran/FR301FC001/?ar=030&bs=040&ta=13&sc=13213&cb=0.0&ct=9999999&et=9999999&cn=9999999&mb=0&mt=9999999&shkr1=03&shkr2=03&shkr3=03&shkr4=03&fw2=&srch_navi=1&page=23
2026-04-02 20:42:52,2026-04-02,東村山市,mansion,コーポ・ラフォーレ,東京都東村山市栄町３,3,40.0,4.0,4.0,ワンルーム,15.53,4.0,,https://suumo.jp/jj/chintai/ichiran/FR301FC001/?ar=030&bs=040&ta=13&sc=13213&cb=0.0&ct=9999999&et=9999999&cn=9999999&mb=0&mt=9999999&shkr1=03&shkr2=03&shkr3=03&shkr4=03&fw2=&srch_navi=1&page=24
2026-04-02 20:42:52,2026-04-02,東村山市,mansion,マカナレア,東京都東村山市野口町１,1,43.0,3.0,2.0,1K,20.86,3.8,3000.0,https://suumo.jp/jj/chintai/ichiran/FR301FC001/?ar=030&bs=040&ta=13&sc=13213&cb=0.0&ct=9999999&et=9999999&cn=9999999&mb=0&mt=9999999&shkr1=03&shkr2=03&shkr3=03&shkr4=03&fw2=&srch_navi=1&page=24
2026-04-02 20:42:52,2026-04-02,東村山市,mansion,クラッシー久米川,東京都東村山市栄町２,2,38.0,1.0,5.0,ワンルーム,15.0,3.6,7000.0,https://suumo.jp/jj/chintai/ichiran/FR301FC001/?ar=030&bs=040&ta=13&sc=13213&cb=0.0&ct=9999999&et=9999999&cn=9999999&mb=0&mt=9999999&shkr1=03&shkr2=03&shkr3=03&shkr4=03&fw2=&srch_navi=1&page=24
2026-04-02 20:42:52,2026-04-02,東村山市,mansion,クラッシー久米川,東京都東村山市栄町２,2,38.0,1.0,6.0,ワンルーム,15.83,3.8,7000.0,https://suumo.jp/jj/chintai/ichiran/FR301FC001/?ar=030&bs=040&ta=13&sc=13213&cb=0.0&ct=9999999&et=9999999&cn=9999999&mb=0&mt=9999999&shkr1=03&shkr2=03&shkr3=03&shkr4=03&fw2=&srch_navi=1&page=24
2026-04-02 20:42:52,2026-04-02,東村山市,mansion,富士見町マンション,東京都東村山市富士見町３,2,37.0,3.0,2.0,1K,20.65,3.9,1000.0,https://suumo.jp/jj/chintai/ichiran/FR301FC001/?ar=030&bs=040&ta=13&sc=13213&cb=0.0&ct=9999999&et=9999999&cn=9999999&mb=0&mt=9999999&shkr1=03&shkr2=03&shkr3=03&shkr4=03&fw2=&srch_navi=1&page=24
2026-04-02 20:42:52,2026-04-02,東村山市,mansion,ＣＯＯＰ　ＫＡＺＵＭＩ,東京都東村山市秋津町３,16,40.0,3.0,1.0,ワンルーム,18.36,3.7,2000.0,https://suumo.jp/jj/chintai/ichiran/FR301FC001/?ar=030&bs=040&ta=13&sc=13213&cb=0.0&ct=9999999&et=9999999&cn=9999999&mb=0&mt=9999999&shkr1=03&shkr2=03&shkr3=03&shkr4=03&fw2=&srch_navi=1&page=24
2026-04-02 20:42:52,2026-04-02,東村山市,mansion,創夢BL,東京都東村山市栄町２,2,51.0,1.0,2.0,ワンルーム,40.35,9.0,5000.0,https://suumo.jp/jj/chintai/ichiran/FR301FC001/?ar=030&bs=040&ta=13&sc=13213&cb=0.0&ct=9999999&et=9999999&cn=9999999&mb=0&mt=9999999&shkr1=03&shkr2=03&shkr3=03&shkr4=03&fw2=&srch_navi=1&page=24
